Periode,Cyclus
januari 2001,"0,99"
februari 2001,"0,97"
maart 2001,"0,95"
Apr-01,"0,94"
mei 2001,"0,89"
juni 2001,"0,85"
juli 2001,"0,80"
augustus 2001,"0,75"
Sep-01,"0,71"
oktober 2001,"0,66"
Nov-01,"0,62"
Dec-01,"0,58"
januari 2002,"0,51"
februari 2002,"0,47"
maart 2002,"0,43"
Apr-02,"0,34"
mei 2002,"0,30"
juni 2002,"0,24"
juli 2002,"0,13"
augustus 2002,"0,08"
Sep-02,"-0,01"
oktober 2002,"-0,12"
Nov-02,"-0,18"
Dec-02,"-0,27"
januari 2003,"-0,39"
februari 2003,"-0,48"
maart 2003,"-0,62"
Apr-03,"-0,77"
mei 2003,"-0,87"
juni 2003,"-0,99"
juli 2003,"-1,09"
augustus 2003,"-1,11"
Sep-03,"-1,16"
oktober 2003,"-1,18"
Nov-03,"-1,16"
Dec-03,"-1,16"
januari 2004,"-1,13"
februari 2004,"-1,07"
maart 2004,"-1,05"
Apr-04,"-1,00"
mei 2004,"-0,95"
juni 2004,"-0,93"
juli 2004,"-0,89"
augustus 2004,"-0,87"
Sep-04,"-0,87"
oktober 2004,"-0,87"
Nov-04,"-0,88"
Dec-04,"-0,90"
januari 2005,"-0,93"
februari 2005,"-0,94"
maart 2005,"-0,94"
Apr-05,"-0,92"
mei 2005,"-0,90"
juni 2005,"-0,86"
juli 2005,"-0,80"
augustus 2005,"-0,77"
Sep-05,"-0,73"
oktober 2005,"-0,65"
Nov-05,"-0,61"
Dec-05,"-0,54"
januari 2006,"-0,42"
februari 2006,"-0,35"
maart 2006,"-0,25"
Apr-06,"-0,12"
mei 2006,"-0,05"
juni 2006,"0,04"
juli 2006,"0,17"
augustus 2006,"0,22"
Sep-06,"0,31"
oktober 2006,"0,44"
Nov-06,"0,49"
Dec-06,"0,59"
januari 2007,"0,73"
februari 2007,"0,80"
maart 2007,"0,91"
Apr-07,"1,05"
mei 2007,"1,12"
juni 2007,"1,22"
juli 2007,"1,31"
augustus 2007,"1,35"
Sep-07,"1,41"
oktober 2007,"1,48"
Nov-07,"1,52"
Dec-07,"1,58"
januari 2008,"1,64"
februari 2008,"1,66"
maart 2008,"1,68"
Apr-08,"1,68"
mei 2008,"1,64"
juni 2008,"1,60"
juli 2008,"1,51"
augustus 2008,"1,41"
Sep-08,"1,28"
oktober 2008,"1,10"
Nov-08,"0,95"
Dec-08,"0,75"
januari 2009,"0,49"
februari 2009,"0,32"
maart 2009,"0,12"
Apr-09,"-0,13"
mei 2009,"-0,25"
juni 2009,"-0,35"
juli 2009,"-0,49"
augustus 2009,"-0,50"
Sep-09,"-0,50"
oktober 2009,"-0,54"
Nov-09,"-0,48"
Dec-09,"-0,45"
januari 2010,"-0,43"
februari 2010,"-0,36"
maart 2010,"-0,32"
Apr-10,"-0,25"
mei 2010,"-0,18"
juni 2010,"-0,13"
juli 2010,"-0,03"
augustus 2010,"0,04"
Sep-10,"0,10"
oktober 2010,"0,21"
Nov-10,"0,28"
Dec-10,"0,35"
januari 2011,"0,45"
februari 2011,"0,50"
maart 2011,"0,55"
Apr-11,"0,60"
mei 2011,"0,59"
juni 2011,"0,57"
juli 2011,"0,55"
augustus 2011,"0,48"
Sep-11,"0,40"
oktober 2011,"0,32"
Nov-11,"0,24"
Dec-11,"0,15"
januari 2012,"0,08"
februari 2012,"0,03"
maart 2012,"-0,03"
Apr-12,"-0,11"
mei 2012,"-0,15"
juni 2012,"-0,22"
juli 2012,"-0,32"
augustus 2012,"-0,38"
Sep-12,"-0,46"
oktober 2012,"-0,60"
Nov-12,"-0,68"
Dec-12,"-0,79"
januari 2013,"-0,93"
februari 2013,"-1,01"
maart 2013,"-1,10"
Apr-13,"-1,18"
mei 2013,"-1,21"
juni 2013,"-1,22"
juli 2013,"-1,22"
augustus 2013,"-1,20"
Sep-13,"-1,14"
oktober 2013,"-1,08"
Nov-13,"-1,03"
Dec-13,"-0,96"
januari 2014,"-0,91"
februari 2014,"-0,88"
maart 2014,"-0,86"
Apr-14,"-0,84"
mei 2014,"-0,83"
juni 2014,"-0,83"
juli 2014,"-0,82"
augustus 2014,"-0,82"
Sep-14,"-0,80"
oktober 2014,"-0,77"
Nov-14,"-0,72"
Dec-14,"-0,67"
januari 2015,"-0,62"
februari 2015,"-0,56"
maart 2015,"-0,50"
Apr-15,"-0,46"
mei 2015,"-0,42"
juni 2015,"-0,38"
juli 2015,"-0,35"
augustus 2015,"-0,32"
Sep-15,"-0,30"
oktober 2015,"-0,28"
Nov-15,"-0,29"
Dec-15,"-0,29"
januari 2016,"-0,27"
februari 2016,"-0,27"
maart 2016,"-0,27"
Apr-16,"-0,24"
mei 2016,"-0,23"
juni 2016,"-0,21"
juli 2016,"-0,18"
augustus 2016,"-0,14"
Sep-16,"-0,11"
oktober 2016,"-0,06"
Nov-16,"-0,01"
Dec-16,"0,04"
januari 2017,"0,10"
februari 2017,"0,15"
maart 2017,"0,21"
Apr-17,"0,28"
mei 2017,"0,32"
juni 2017,"0,35"
juli 2017,"0,40"
augustus 2017,"0,43"
Sep-17,"0,47"
oktober 2017,"0,52"
Nov-17,"0,55"
Dec-17,"0,60"
januari 2018,"0,63"
februari 2018,"0,66"
maart 2018,"0,69"
Apr-18,"0,70"
mei 2018,"0,69"
juni 2018,"0,69"
juli 2018,"0,67"
augustus 2018,"0,62"
Sep-18,"0,58"
oktober 2018,"0,55"
Nov-18,"0,49"
Dec-18,"0,45"
januari 2019,"0,41"
februari 2019,"0,36"
maart 2019,"0,32"
Apr-19,"0,26"
mei 2019,"0,22"
juni 2019,"0,16"
juli 2019,"0,09"
augustus 2019,"0,04"
Sep-19,"-0,01"
oktober 2019,"-0,07"
Nov-19,"-0,09"
Dec-19,"-0,12"
januari 2020,"-0,16"
februari 2020,"-0,18"
maart 2020,"-0,22"
Apr-20,"-0,27"
mei 2020,"-0,27"
juni 2020,"-0,30"
juli 2020,"-0,34"
augustus 2020,"-0,33"
Sep-20,"-0,36"
oktober 2020,"-0,35"
Nov-20,"-0,32"
Dec-20,"-0,30"
januari 2021,"-0,20"
februari 2021,"-0,13"
maart 2021,"-0,06"
Apr-21,"0,09"
mei 2021,"0,18"
juni 2021,"0,27"
juli 2021,"0,43"
augustus 2021,"0,50"
Sep-21,"0,58"
oktober 2021,"0,68"
Nov-21,"0,71"
Dec-21,"0,75"
januari 2022,"0,81"
februari 2022,"0,81"
maart 2022,"0,83"
Apr-22,"0,89"
mei 2022,"0,89"
juni 2022,"0,92"
juli 2022,"0,97"
augustus 2022,"0,95"
Sep-22,"0,94"
oktober 2022,"0,90"
Nov-22,"0,85"
Dec-22,"0,80"
januari 2023,"0,73"
februari 2023,"0,68"
maart 2023,"0,63"
Apr-23,"0,52"
mei 2023,"0,45"
juni 2023,"0,36"
juli 2023,"0,21"
augustus 2023,"0,11"
Sep-23,"0,01"
oktober 2023,"-0,11"
Nov-23,"-0,19"
Dec-23,"-0,26"
januari 2024,"-0,33"
februari 2024,"-0,36"
maart 2024,"-0,37"
Apr-24,"-0,40"
mei 2024,"-0,40"
juni 2024,"-0,40"
juli 2024,"-0,42"
augustus 2024,"-0,40"
Sep-24,"-0,38"
oktober 2024,"-0,37"
Nov-24,"-0,33"
Dec-24,"-0,30"
januari 2025,"-0,31"
februari 2025,"-0,31"
maart 2025,"-0,33"
Apr-25,"-0,38"
mei 2025,"-0,39"
juni 2025,"-0,42"
juli 2025,"-0,45"
augustus 2025,"-0,44"
Sep-25,"-0,43"
oktober 2025,"-0,45"
Nov-25,"-0,42"
Dec-25,"-0,40"
januari 2026,"-0,42"
februari 2026,"-0,39"
maart 2026,"-0,36"
Apr-26,"-0,37"
mei 2026,"-0,33"
juni 2026,"-0,28"
juli 2026,"-0,29"
augustus 2026,"-0,25"
Groei onder langjarige trend maar groei neemt toe.,
