Id,Measure,ValueAttribute,Value,StringValue,Generatie,Geslacht,Migratieachtergrond,Perioden
503550,M000167,None,14.0,,T001040,T001038,H008567,1995MM01
503556,M000167,None,10.0,,T001040,T001038,H008567,1995MM02
503562,M000167,None,14.0,,T001040,T001038,H008567,1995MM03
503568,M000167,None,3.0,,T001040,T001038,H008567,1995MM04
503574,M000167,None,3.0,,T001040,T001038,H008567,1995MM05
503580,M000167,None,7.0,,T001040,T001038,H008567,1995MM06
503586,M000167,None,7.0,,T001040,T001038,H008567,1995MM07
503592,M000167,None,9.0,,T001040,T001038,H008567,1995MM08
503598,M000167,None,8.0,,T001040,T001038,H008567,1995MM09
503604,M000167,None,9.0,,T001040,T001038,H008567,1995MM10
503610,M000167,None,11.0,,T001040,T001038,H008567,1995MM11
503616,M000167,None,15.0,,T001040,T001038,H008567,1995MM12
503628,M000167,None,14.0,,T001040,T001038,H008567,1996MM01
503634,M000167,None,15.0,,T001040,T001038,H008567,1996MM02
503640,M000167,None,12.0,,T001040,T001038,H008567,1996MM03
503646,M000167,None,9.0,,T001040,T001038,H008567,1996MM04
503652,M000167,None,12.0,,T001040,T001038,H008567,1996MM05
503658,M000167,None,9.0,,T001040,T001038,H008567,1996MM06
503664,M000167,None,11.0,,T001040,T001038,H008567,1996MM07
503670,M000167,None,8.0,,T001040,T001038,H008567,1996MM08
503676,M000167,None,22.0,,T001040,T001038,H008567,1996MM09
503682,M000167,None,15.0,,T001040,T001038,H008567,1996MM10
503688,M000167,None,15.0,,T001040,T001038,H008567,1996MM11
503694,M000167,None,22.0,,T001040,T001038,H008567,1996MM12
503706,M000167,None,13.0,,T001040,T001038,H008567,1997MM01
503712,M000167,None,21.0,,T001040,T001038,H008567,1997MM02
503718,M000167,None,14.0,,T001040,T001038,H008567,1997MM03
503724,M000167,None,13.0,,T001040,T001038,H008567,1997MM04
503730,M000167,None,18.0,,T001040,T001038,H008567,1997MM05
503736,M000167,None,17.0,,T001040,T001038,H008567,1997MM06
503742,M000167,None,16.0,,T001040,T001038,H008567,1997MM07
503748,M000167,None,17.0,,T001040,T001038,H008567,1997MM08
503754,M000167,None,34.0,,T001040,T001038,H008567,1997MM09
503760,M000167,None,29.0,,T001040,T001038,H008567,1997MM10
503766,M000167,None,20.0,,T001040,T001038,H008567,1997MM11
503772,M000167,None,17.0,,T001040,T001038,H008567,1997MM12
503784,M000167,None,31.0,,T001040,T001038,H008567,1998MM01
503790,M000167,None,14.0,,T001040,T001038,H008567,1998MM02
503796,M000167,None,18.0,,T001040,T001038,H008567,1998MM03
503802,M000167,None,8.0,,T001040,T001038,H008567,1998MM04
503808,M000167,None,18.0,,T001040,T001038,H008567,1998MM05
503814,M000167,None,16.0,,T001040,T001038,H008567,1998MM06
503820,M000167,None,15.0,,T001040,T001038,H008567,1998MM07
503826,M000167,None,18.0,,T001040,T001038,H008567,1998MM08
503832,M000167,None,43.0,,T001040,T001038,H008567,1998MM09
503838,M000167,None,26.0,,T001040,T001038,H008567,1998MM10
503844,M000167,None,23.0,,T001040,T001038,H008567,1998MM11
503850,M000167,None,11.0,,T001040,T001038,H008567,1998MM12
503862,M000167,None,29.0,,T001040,T001038,H008567,1999MM01
503868,M000167,None,22.0,,T001040,T001038,H008567,1999MM02
503874,M000167,None,18.0,,T001040,T001038,H008567,1999MM03
503880,M000167,None,24.0,,T001040,T001038,H008567,1999MM04
503886,M000167,None,19.0,,T001040,T001038,H008567,1999MM05
503892,M000167,None,15.0,,T001040,T001038,H008567,1999MM06
503898,M000167,None,18.0,,T001040,T001038,H008567,1999MM07
503904,M000167,None,9.0,,T001040,T001038,H008567,1999MM08
503910,M000167,None,37.0,,T001040,T001038,H008567,1999MM09
503916,M000167,None,41.0,,T001040,T001038,H008567,1999MM10
503922,M000167,None,25.0,,T001040,T001038,H008567,1999MM11
503928,M000167,None,11.0,,T001040,T001038,H008567,1999MM12
503940,M000167,None,27.0,,T001040,T001038,H008567,2000MM01
503946,M000167,None,22.0,,T001040,T001038,H008567,2000MM02
503952,M000167,None,20.0,,T001040,T001038,H008567,2000MM03
503958,M000167,None,15.0,,T001040,T001038,H008567,2000MM04
503964,M000167,None,31.0,,T001040,T001038,H008567,2000MM05
503970,M000167,None,27.0,,T001040,T001038,H008567,2000MM06
503976,M000167,None,25.0,,T001040,T001038,H008567,2000MM07
503982,M000167,None,30.0,,T001040,T001038,H008567,2000MM08
503988,M000167,None,26.0,,T001040,T001038,H008567,2000MM09
503994,M000167,None,42.0,,T001040,T001038,H008567,2000MM10
504000,M000167,None,16.0,,T001040,T001038,H008567,2000MM11
504006,M000167,None,21.0,,T001040,T001038,H008567,2000MM12
504018,M000167,None,33.0,,T001040,T001038,H008567,2001MM01
504024,M000167,None,20.0,,T001040,T001038,H008567,2001MM02
504030,M000167,None,29.0,,T001040,T001038,H008567,2001MM03
504036,M000167,None,21.0,,T001040,T001038,H008567,2001MM04
504042,M000167,None,25.0,,T001040,T001038,H008567,2001MM05
504048,M000167,None,20.0,,T001040,T001038,H008567,2001MM06
504054,M000167,None,32.0,,T001040,T001038,H008567,2001MM07
504060,M000167,None,39.0,,T001040,T001038,H008567,2001MM08
504066,M000167,None,48.0,,T001040,T001038,H008567,2001MM09
504072,M000167,None,45.0,,T001040,T001038,H008567,2001MM10
504078,M000167,None,23.0,,T001040,T001038,H008567,2001MM11
504084,M000167,None,16.0,,T001040,T001038,H008567,2001MM12
504096,M000167,None,44.0,,T001040,T001038,H008567,2002MM01
504102,M000167,None,39.0,,T001040,T001038,H008567,2002MM02
504108,M000167,None,40.0,,T001040,T001038,H008567,2002MM03
504114,M000167,None,30.0,,T001040,T001038,H008567,2002MM04
504120,M000167,None,25.0,,T001040,T001038,H008567,2002MM05
504126,M000167,None,31.0,,T001040,T001038,H008567,2002MM06
504132,M000167,None,28.0,,T001040,T001038,H008567,2002MM07
504138,M000167,None,32.0,,T001040,T001038,H008567,2002MM08
504144,M000167,None,83.0,,T001040,T001038,H008567,2002MM09
504150,M000167,None,56.0,,T001040,T001038,H008567,2002MM10
504156,M000167,None,31.0,,T001040,T001038,H008567,2002MM11
504162,M000167,None,28.0,,T001040,T001038,H008567,2002MM12
504174,M000167,None,30.0,,T001040,T001038,H008567,2003MM01
504180,M000167,None,40.0,,T001040,T001038,H008567,2003MM02
504186,M000167,None,51.0,,T001040,T001038,H008567,2003MM03
504192,M000167,None,28.0,,T001040,T001038,H008567,2003MM04
504198,M000167,None,33.0,,T001040,T001038,H008567,2003MM05
504204,M000167,None,27.0,,T001040,T001038,H008567,2003MM06
504210,M000167,None,43.0,,T001040,T001038,H008567,2003MM07
504216,M000167,None,51.0,,T001040,T001038,H008567,2003MM08
504222,M000167,None,77.0,,T001040,T001038,H008567,2003MM09
504228,M000167,None,65.0,,T001040,T001038,H008567,2003MM10
504234,M000167,None,31.0,,T001040,T001038,H008567,2003MM11
504240,M000167,None,28.0,,T001040,T001038,H008567,2003MM12
504252,M000167,None,47.0,,T001040,T001038,H008567,2004MM01
504258,M000167,None,22.0,,T001040,T001038,H008567,2004MM02
504264,M000167,None,33.0,,T001040,T001038,H008567,2004MM03
504270,M000167,None,30.0,,T001040,T001038,H008567,2004MM04
504276,M000167,None,29.0,,T001040,T001038,H008567,2004MM05
504282,M000167,None,38.0,,T001040,T001038,H008567,2004MM06
504288,M000167,None,29.0,,T001040,T001038,H008567,2004MM07
504294,M000167,None,44.0,,T001040,T001038,H008567,2004MM08
504300,M000167,None,79.0,,T001040,T001038,H008567,2004MM09
504306,M000167,None,33.0,,T001040,T001038,H008567,2004MM10
504312,M000167,None,27.0,,T001040,T001038,H008567,2004MM11
504318,M000167,None,32.0,,T001040,T001038,H008567,2004MM12
504330,M000167,None,40.0,,T001040,T001038,H008567,2005MM01
504336,M000167,None,44.0,,T001040,T001038,H008567,2005MM02
504342,M000167,None,26.0,,T001040,T001038,H008567,2005MM03
504348,M000167,None,19.0,,T001040,T001038,H008567,2005MM04
504354,M000167,None,22.0,,T001040,T001038,H008567,2005MM05
504360,M000167,None,23.0,,T001040,T001038,H008567,2005MM06
504366,M000167,None,16.0,,T001040,T001038,H008567,2005MM07
504372,M000167,None,41.0,,T001040,T001038,H008567,2005MM08
504378,M000167,None,117.0,,T001040,T001038,H008567,2005MM09
504384,M000167,None,38.0,,T001040,T001038,H008567,2005MM10
504390,M000167,None,31.0,,T001040,T001038,H008567,2005MM11
504396,M000167,None,18.0,,T001040,T001038,H008567,2005MM12
504408,M000167,None,40.0,,T001040,T001038,H008567,2006MM01
504414,M000167,None,46.0,,T001040,T001038,H008567,2006MM02
504420,M000167,None,40.0,,T001040,T001038,H008567,2006MM03
504426,M000167,None,16.0,,T001040,T001038,H008567,2006MM04
504432,M000167,None,36.0,,T001040,T001038,H008567,2006MM05
504438,M000167,None,23.0,,T001040,T001038,H008567,2006MM06
504444,M000167,None,12.0,,T001040,T001038,H008567,2006MM07
504450,M000167,None,27.0,,T001040,T001038,H008567,2006MM08
504456,M000167,None,143.0,,T001040,T001038,H008567,2006MM09
504462,M000167,None,41.0,,T001040,T001038,H008567,2006MM10
504468,M000167,None,26.0,,T001040,T001038,H008567,2006MM11
504474,M000167,None,25.0,,T001040,T001038,H008567,2006MM12
504486,M000167,None,624.0,,T001040,T001038,H008567,2007MM01
504492,M000167,None,552.0,,T001040,T001038,H008567,2007MM02
504498,M000167,None,514.0,,T001040,T001038,H008567,2007MM03
504504,M000167,None,402.0,,T001040,T001038,H008567,2007MM04
504510,M000167,None,353.0,,T001040,T001038,H008567,2007MM05
504516,M000167,None,359.0,,T001040,T001038,H008567,2007MM06
504522,M000167,None,334.0,,T001040,T001038,H008567,2007MM07
504528,M000167,None,294.0,,T001040,T001038,H008567,2007MM08
504534,M000167,None,473.0,,T001040,T001038,H008567,2007MM09
504540,M000167,None,418.0,,T001040,T001038,H008567,2007MM10
504546,M000167,None,347.0,,T001040,T001038,H008567,2007MM11
504552,M000167,None,195.0,,T001040,T001038,H008567,2007MM12
504564,M000167,None,386.0,,T001040,T001038,H008567,2008MM01
504570,M000167,None,510.0,,T001040,T001038,H008567,2008MM02
504576,M000167,None,451.0,,T001040,T001038,H008567,2008MM03
504582,M000167,None,411.0,,T001040,T001038,H008567,2008MM04
504588,M000167,None,376.0,,T001040,T001038,H008567,2008MM05
504594,M000167,None,355.0,,T001040,T001038,H008567,2008MM06
504600,M000167,None,360.0,,T001040,T001038,H008567,2008MM07
504606,M000167,None,359.0,,T001040,T001038,H008567,2008MM08
504612,M000167,None,737.0,,T001040,T001038,H008567,2008MM09
504618,M000167,None,474.0,,T001040,T001038,H008567,2008MM10
504624,M000167,None,432.0,,T001040,T001038,H008567,2008MM11
504630,M000167,None,350.0,,T001040,T001038,H008567,2008MM12
504642,M000167,None,357.0,,T001040,T001038,H008567,2009MM01
504648,M000167,None,373.0,,T001040,T001038,H008567,2009MM02
504654,M000167,None,391.0,,T001040,T001038,H008567,2009MM03
504660,M000167,None,323.0,,T001040,T001038,H008567,2009MM04
504666,M000167,None,264.0,,T001040,T001038,H008567,2009MM05
504672,M000167,None,312.0,,T001040,T001038,H008567,2009MM06
504678,M000167,None,297.0,,T001040,T001038,H008567,2009MM07
504684,M000167,None,350.0,,T001040,T001038,H008567,2009MM08
504690,M000167,None,661.0,,T001040,T001038,H008567,2009MM09
504696,M000167,None,399.0,,T001040,T001038,H008567,2009MM10
504702,M000167,None,334.0,,T001040,T001038,H008567,2009MM11
504708,M000167,None,247.0,,T001040,T001038,H008567,2009MM12
504720,M000167,None,341.0,,T001040,T001038,H008567,2010MM01
504726,M000167,None,327.0,,T001040,T001038,H008567,2010MM02
504732,M000167,None,365.0,,T001040,T001038,H008567,2010MM03
504738,M000167,None,259.0,,T001040,T001038,H008567,2010MM04
504744,M000167,None,205.0,,T001040,T001038,H008567,2010MM05
504750,M000167,None,242.0,,T001040,T001038,H008567,2010MM06
504756,M000167,None,271.0,,T001040,T001038,H008567,2010MM07
504762,M000167,None,365.0,,T001040,T001038,H008567,2010MM08
504768,M000167,None,674.0,,T001040,T001038,H008567,2010MM09
504774,M000167,None,426.0,,T001040,T001038,H008567,2010MM10
504780,M000167,None,435.0,,T001040,T001038,H008567,2010MM11
504786,M000167,None,346.0,,T001040,T001038,H008567,2010MM12
504798,M000167,None,342.0,,T001040,T001038,H008567,2011MM01
504804,M000167,None,391.0,,T001040,T001038,H008567,2011MM02
504810,M000167,None,416.0,,T001040,T001038,H008567,2011MM03
504816,M000167,None,318.0,,T001040,T001038,H008567,2011MM04
504822,M000167,None,417.0,,T001040,T001038,H008567,2011MM05
504828,M000167,None,315.0,,T001040,T001038,H008567,2011MM06
504834,M000167,None,308.0,,T001040,T001038,H008567,2011MM07
504840,M000167,None,522.0,,T001040,T001038,H008567,2011MM08
504846,M000167,None,755.0,,T001040,T001038,H008567,2011MM09
504852,M000167,None,562.0,,T001040,T001038,H008567,2011MM10
504858,M000167,None,504.0,,T001040,T001038,H008567,2011MM11
504864,M000167,None,464.0,,T001040,T001038,H008567,2011MM12
504876,M000167,None,389.0,,T001040,T001038,H008567,2012MM01
504882,M000167,None,445.0,,T001040,T001038,H008567,2012MM02
504888,M000167,None,612.0,,T001040,T001038,H008567,2012MM03
504894,M000167,None,269.0,,T001040,T001038,H008567,2012MM04
504900,M000167,None,267.0,,T001040,T001038,H008567,2012MM05
504906,M000167,None,305.0,,T001040,T001038,H008567,2012MM06
504912,M000167,None,226.0,,T001040,T001038,H008567,2012MM07
504918,M000167,None,491.0,,T001040,T001038,H008567,2012MM08
504924,M000167,None,754.0,,T001040,T001038,H008567,2012MM09
504930,M000167,None,457.0,,T001040,T001038,H008567,2012MM10
504936,M000167,None,414.0,,T001040,T001038,H008567,2012MM11
504942,M000167,None,319.0,,T001040,T001038,H008567,2012MM12
504954,M000167,None,358.0,,T001040,T001038,H008567,2013MM01
504960,M000167,None,483.0,,T001040,T001038,H008567,2013MM02
504966,M000167,None,548.0,,T001040,T001038,H008567,2013MM03
504972,M000167,None,484.0,,T001040,T001038,H008567,2013MM04
504978,M000167,None,339.0,,T001040,T001038,H008567,2013MM05
504984,M000167,None,231.0,,T001040,T001038,H008567,2013MM06
504990,M000167,None,210.0,,T001040,T001038,H008567,2013MM07
504996,M000167,None,423.0,,T001040,T001038,H008567,2013MM08
505002,M000167,None,564.0,,T001040,T001038,H008567,2013MM09
505008,M000167,None,313.0,,T001040,T001038,H008567,2013MM10
505014,M000167,None,252.0,,T001040,T001038,H008567,2013MM11
505020,M000167,None,247.0,,T001040,T001038,H008567,2013MM12
505032,M000167,None,516.0,,T001040,T001038,H008567,2014MM01
505038,M000167,None,479.0,,T001040,T001038,H008567,2014MM02
505044,M000167,None,388.0,,T001040,T001038,H008567,2014MM03
505050,M000167,None,463.0,,T001040,T001038,H008567,2014MM04
505056,M000167,None,324.0,,T001040,T001038,H008567,2014MM05
505062,M000167,None,307.0,,T001040,T001038,H008567,2014MM06
505068,M000167,None,268.0,,T001040,T001038,H008567,2014MM07
505074,M000167,None,448.0,,T001040,T001038,H008567,2014MM08
505080,M000167,None,708.0,,T001040,T001038,H008567,2014MM09
505086,M000167,None,488.0,,T001040,T001038,H008567,2014MM10
505092,M000167,None,327.0,,T001040,T001038,H008567,2014MM11
505098,M000167,None,331.0,,T001040,T001038,H008567,2014MM12
505110,M000167,None,315.0,,T001040,T001038,H008567,2015MM01
505116,M000167,None,353.0,,T001040,T001038,H008567,2015MM02
505122,M000167,None,368.0,,T001040,T001038,H008567,2015MM03
505128,M000167,None,323.0,,T001040,T001038,H008567,2015MM04
505134,M000167,None,262.0,,T001040,T001038,H008567,2015MM05
505140,M000167,None,310.0,,T001040,T001038,H008567,2015MM06
505146,M000167,None,318.0,,T001040,T001038,H008567,2015MM07
505152,M000167,None,453.0,,T001040,T001038,H008567,2015MM08
505158,M000167,None,782.0,,T001040,T001038,H008567,2015MM09
505164,M000167,None,487.0,,T001040,T001038,H008567,2015MM10
505170,M000167,None,400.0,,T001040,T001038,H008567,2015MM11
505176,M000167,None,331.0,,T001040,T001038,H008567,2015MM12
505188,M000167,None,348.0,,T001040,T001038,H008567,2016MM01
505194,M000167,None,406.0,,T001040,T001038,H008567,2016MM02
505200,M000167,None,392.0,,T001040,T001038,H008567,2016MM03
505206,M000167,None,276.0,,T001040,T001038,H008567,2016MM04
505212,M000167,None,303.0,,T001040,T001038,H008567,2016MM05
505218,M000167,None,329.0,,T001040,T001038,H008567,2016MM06
505224,M000167,None,291.0,,T001040,T001038,H008567,2016MM07
505230,M000167,None,525.0,,T001040,T001038,H008567,2016MM08
505236,M000167,None,708.0,,T001040,T001038,H008567,2016MM09
505242,M000167,None,450.0,,T001040,T001038,H008567,2016MM10
505248,M000167,None,435.0,,T001040,T001038,H008567,2016MM11
505254,M000167,None,346.0,,T001040,T001038,H008567,2016MM12
505266,M000167,None,405.0,,T001040,T001038,H008567,2017MM01
505272,M000167,None,416.0,,T001040,T001038,H008567,2017MM02
505278,M000167,None,363.0,,T001040,T001038,H008567,2017MM03
505284,M000167,None,371.0,,T001040,T001038,H008567,2017MM04
505290,M000167,None,376.0,,T001040,T001038,H008567,2017MM05
505296,M000167,None,421.0,,T001040,T001038,H008567,2017MM06
505302,M000167,None,327.0,,T001040,T001038,H008567,2017MM07
505308,M000167,None,643.0,,T001040,T001038,H008567,2017MM08
505314,M000167,None,858.0,,T001040,T001038,H008567,2017MM09
505320,M000167,None,602.0,,T001040,T001038,H008567,2017MM10
505326,M000167,None,565.0,,T001040,T001038,H008567,2017MM11
505332,M000167,None,398.0,,T001040,T001038,H008567,2017MM12
505344,M000167,None,481.0,,T001040,T001038,H008567,2018MM01
505350,M000167,None,501.0,,T001040,T001038,H008567,2018MM02
505356,M000167,None,455.0,,T001040,T001038,H008567,2018MM03
505362,M000167,None,423.0,,T001040,T001038,H008567,2018MM04
505368,M000167,None,461.0,,T001040,T001038,H008567,2018MM05
505374,M000167,None,418.0,,T001040,T001038,H008567,2018MM06
505380,M000167,None,402.0,,T001040,T001038,H008567,2018MM07
505386,M000167,None,773.0,,T001040,T001038,H008567,2018MM08
505392,M000167,None,833.0,,T001040,T001038,H008567,2018MM09
505398,M000167,None,743.0,,T001040,T001038,H008567,2018MM10
505404,M000167,None,684.0,,T001040,T001038,H008567,2018MM11
505410,M000167,None,476.0,,T001040,T001038,H008567,2018MM12
505422,M000167,None,641.0,,T001040,T001038,H008567,2019MM01
505428,M000167,None,634.0,,T001040,T001038,H008567,2019MM02
505434,M000167,None,619.0,,T001040,T001038,H008567,2019MM03
505440,M000167,None,599.0,,T001040,T001038,H008567,2019MM04
505446,M000167,None,583.0,,T001040,T001038,H008567,2019MM05
505452,M000167,None,569.0,,T001040,T001038,H008567,2019MM06
505458,M000167,None,610.0,,T001040,T001038,H008567,2019MM07
505464,M000167,None,998.0,,T001040,T001038,H008567,2019MM08
505470,M000167,None,1215.0,,T001040,T001038,H008567,2019MM09
505476,M000167,None,864.0,,T001040,T001038,H008567,2019MM10
505482,M000167,None,768.0,,T001040,T001038,H008567,2019MM11
505488,M000167,None,546.0,,T001040,T001038,H008567,2019MM12
505500,M000167,None,743.0,,T001040,T001038,H008567,2020MM01
505506,M000167,None,683.0,,T001040,T001038,H008567,2020MM02
505512,M000167,None,602.0,,T001040,T001038,H008567,2020MM03
505518,M000167,None,436.0,,T001040,T001038,H008567,2020MM04
505524,M000167,None,591.0,,T001040,T001038,H008567,2020MM05
505530,M000167,None,690.0,,T001040,T001038,H008567,2020MM06
505536,M000167,None,674.0,,T001040,T001038,H008567,2020MM07
505542,M000167,None,859.0,,T001040,T001038,H008567,2020MM08
505548,M000167,None,1248.0,,T001040,T001038,H008567,2020MM09
505554,M000167,None,797.0,,T001040,T001038,H008567,2020MM10
505560,M000167,None,658.0,,T001040,T001038,H008567,2020MM11
505566,M000167,None,563.0,,T001040,T001038,H008567,2020MM12
505578,M000167,None,703.0,,T001040,T001038,H008567,2021MM01
505584,M000167,None,773.0,,T001040,T001038,H008567,2021MM02
505590,M000167,None,728.0,,T001040,T001038,H008567,2021MM03
505596,M000167,None,578.0,,T001040,T001038,H008567,2021MM04
505602,M000167,None,603.0,,T001040,T001038,H008567,2021MM05
505608,M000167,None,584.0,,T001040,T001038,H008567,2021MM06
505614,M000167,None,535.0,,T001040,T001038,H008567,2021MM07
505620,M000167,None,964.0,,T001040,T001038,H008567,2021MM08
505626,M000167,None,1411.0,,T001040,T001038,H008567,2021MM09
505632,M000167,None,973.0,,T001040,T001038,H008567,2021MM10
505638,M000167,None,915.0,,T001040,T001038,H008567,2021MM11
505644,M000167,None,780.0,,T001040,T001038,H008567,2021MM12
505656,M000167,None,825.0,,T001040,T001038,H008567,2022MM01
505662,M000167,None,881.0,,T001040,T001038,H008567,2022MM02
505668,M000167,None,835.0,,T001040,T001038,H008567,2022MM03
505674,M000167,None,751.0,,T001040,T001038,H008567,2022MM04
505680,M000167,None,765.0,,T001040,T001038,H008567,2022MM05
505686,M000167,None,826.0,,T001040,T001038,H008567,2022MM06
505692,M000167,None,618.0,,T001040,T001038,H008567,2022MM07
505698,M000167,None,1221.0,,T001040,T001038,H008567,2022MM08
505704,M000167,None,1414.0,,T001040,T001038,H008567,2022MM09
505710,M000167,None,1023.0,,T001040,T001038,H008567,2022MM10
505716,M000167,None,1035.0,,T001040,T001038,H008567,2022MM11
505722,M000167,None,697.0,,T001040,T001038,H008567,2022MM12
505734,M000167,None,830.0,,T001040,T001038,H008567,2023MM01
505740,M000167,None,910.0,,T001040,T001038,H008567,2023MM02
505746,M000167,None,977.0,,T001040,T001038,H008567,2023MM03
505752,M000167,None,732.0,,T001040,T001038,H008567,2023MM04
505758,M000167,None,798.0,,T001040,T001038,H008567,2023MM05
505764,M000167,None,823.0,,T001040,T001038,H008567,2023MM06
505770,M000167,None,610.0,,T001040,T001038,H008567,2023MM07
505776,M000167,None,1149.0,,T001040,T001038,H008567,2023MM08
505782,M000167,None,1199.0,,T001040,T001038,H008567,2023MM09
2126100,M000167,None,80.0,,T001040,T001038,H008718,1995MM01
2126106,M000167,None,69.0,,T001040,T001038,H008718,1995MM02
2126112,M000167,None,97.0,,T001040,T001038,H008718,1995MM03
2126118,M000167,None,65.0,,T001040,T001038,H008718,1995MM04
2126124,M000167,None,88.0,,T001040,T001038,H008718,1995MM05
2126130,M000167,None,114.0,,T001040,T001038,H008718,1995MM06
2126136,M000167,None,113.0,,T001040,T001038,H008718,1995MM07
2126142,M000167,None,152.0,,T001040,T001038,H008718,1995MM08
2126148,M000167,None,119.0,,T001040,T001038,H008718,1995MM09
2126154,M000167,None,135.0,,T001040,T001038,H008718,1995MM10
2126160,M000167,None,159.0,,T001040,T001038,H008718,1995MM11
2126166,M000167,None,83.0,,T001040,T001038,H008718,1995MM12
2126178,M000167,None,122.0,,T001040,T001038,H008718,1996MM01
2126184,M000167,None,124.0,,T001040,T001038,H008718,1996MM02
2126190,M000167,None,125.0,,T001040,T001038,H008718,1996MM03
2126196,M000167,None,117.0,,T001040,T001038,H008718,1996MM04
2126202,M000167,None,124.0,,T001040,T001038,H008718,1996MM05
2126208,M000167,None,97.0,,T001040,T001038,H008718,1996MM06
2126214,M000167,None,133.0,,T001040,T001038,H008718,1996MM07
2126220,M000167,None,124.0,,T001040,T001038,H008718,1996MM08
2126226,M000167,None,140.0,,T001040,T001038,H008718,1996MM09
2126232,M000167,None,170.0,,T001040,T001038,H008718,1996MM10
2126238,M000167,None,178.0,,T001040,T001038,H008718,1996MM11
2126244,M000167,None,94.0,,T001040,T001038,H008718,1996MM12
2126256,M000167,None,129.0,,T001040,T001038,H008718,1997MM01
2126262,M000167,None,113.0,,T001040,T001038,H008718,1997MM02
2126268,M000167,None,111.0,,T001040,T001038,H008718,1997MM03
2126274,M000167,None,135.0,,T001040,T001038,H008718,1997MM04
2126280,M000167,None,110.0,,T001040,T001038,H008718,1997MM05
2126286,M000167,None,115.0,,T001040,T001038,H008718,1997MM06
2126292,M000167,None,148.0,,T001040,T001038,H008718,1997MM07
2126298,M000167,None,129.0,,T001040,T001038,H008718,1997MM08
2126304,M000167,None,144.0,,T001040,T001038,H008718,1997MM09
2126310,M000167,None,150.0,,T001040,T001038,H008718,1997MM10
2126316,M000167,None,113.0,,T001040,T001038,H008718,1997MM11
2126322,M000167,None,116.0,,T001040,T001038,H008718,1997MM12
2126334,M000167,None,125.0,,T001040,T001038,H008718,1998MM01
2126340,M000167,None,116.0,,T001040,T001038,H008718,1998MM02
2126346,M000167,None,169.0,,T001040,T001038,H008718,1998MM03
2126352,M000167,None,134.0,,T001040,T001038,H008718,1998MM04
2126358,M000167,None,106.0,,T001040,T001038,H008718,1998MM05
2126364,M000167,None,131.0,,T001040,T001038,H008718,1998MM06
2126370,M000167,None,122.0,,T001040,T001038,H008718,1998MM07
2126376,M000167,None,137.0,,T001040,T001038,H008718,1998MM08
2126382,M000167,None,252.0,,T001040,T001038,H008718,1998MM09
2126388,M000167,None,169.0,,T001040,T001038,H008718,1998MM10
2126394,M000167,None,126.0,,T001040,T001038,H008718,1998MM11
2126400,M000167,None,127.0,,T001040,T001038,H008718,1998MM12
2126412,M000167,None,78.0,,T001040,T001038,H008718,1999MM01
2126418,M000167,None,90.0,,T001040,T001038,H008718,1999MM02
2126424,M000167,None,92.0,,T001040,T001038,H008718,1999MM03
2126430,M000167,None,89.0,,T001040,T001038,H008718,1999MM04
2126436,M000167,None,83.0,,T001040,T001038,H008718,1999MM05
2126442,M000167,None,99.0,,T001040,T001038,H008718,1999MM06
2126448,M000167,None,86.0,,T001040,T001038,H008718,1999MM07
2126454,M000167,None,94.0,,T001040,T001038,H008718,1999MM08
2126460,M000167,None,184.0,,T001040,T001038,H008718,1999MM09
2126466,M000167,None,115.0,,T001040,T001038,H008718,1999MM10
2126472,M000167,None,116.0,,T001040,T001038,H008718,1999MM11
2126478,M000167,None,86.0,,T001040,T001038,H008718,1999MM12
2126490,M000167,None,168.0,,T001040,T001038,H008718,2000MM01
2126496,M000167,None,185.0,,T001040,T001038,H008718,2000MM02
2126502,M000167,None,158.0,,T001040,T001038,H008718,2000MM03
2126508,M000167,None,106.0,,T001040,T001038,H008718,2000MM04
2126514,M000167,None,172.0,,T001040,T001038,H008718,2000MM05
2126520,M000167,None,120.0,,T001040,T001038,H008718,2000MM06
2126526,M000167,None,135.0,,T001040,T001038,H008718,2000MM07
2126532,M000167,None,141.0,,T001040,T001038,H008718,2000MM08
2126538,M000167,None,202.0,,T001040,T001038,H008718,2000MM09
2126544,M000167,None,197.0,,T001040,T001038,H008718,2000MM10
2126550,M000167,None,207.0,,T001040,T001038,H008718,2000MM11
2126556,M000167,None,109.0,,T001040,T001038,H008718,2000MM12
2126568,M000167,None,198.0,,T001040,T001038,H008718,2001MM01
2126574,M000167,None,238.0,,T001040,T001038,H008718,2001MM02
2126580,M000167,None,205.0,,T001040,T001038,H008718,2001MM03
2126586,M000167,None,158.0,,T001040,T001038,H008718,2001MM04
2126592,M000167,None,219.0,,T001040,T001038,H008718,2001MM05
2126598,M000167,None,128.0,,T001040,T001038,H008718,2001MM06
2126604,M000167,None,136.0,,T001040,T001038,H008718,2001MM07
2126610,M000167,None,203.0,,T001040,T001038,H008718,2001MM08
2126616,M000167,None,226.0,,T001040,T001038,H008718,2001MM09
2126622,M000167,None,195.0,,T001040,T001038,H008718,2001MM10
2126628,M000167,None,198.0,,T001040,T001038,H008718,2001MM11
2126634,M000167,None,127.0,,T001040,T001038,H008718,2001MM12
2126646,M000167,None,261.0,,T001040,T001038,H008718,2002MM01
2126652,M000167,None,186.0,,T001040,T001038,H008718,2002MM02
2126658,M000167,None,194.0,,T001040,T001038,H008718,2002MM03
2126664,M000167,None,211.0,,T001040,T001038,H008718,2002MM04
2126670,M000167,None,159.0,,T001040,T001038,H008718,2002MM05
2126676,M000167,None,135.0,,T001040,T001038,H008718,2002MM06
2126682,M000167,None,193.0,,T001040,T001038,H008718,2002MM07
2126688,M000167,None,232.0,,T001040,T001038,H008718,2002MM08
2126694,M000167,None,264.0,,T001040,T001038,H008718,2002MM09
2126700,M000167,None,244.0,,T001040,T001038,H008718,2002MM10
2126706,M000167,None,169.0,,T001040,T001038,H008718,2002MM11
2126712,M000167,None,139.0,,T001040,T001038,H008718,2002MM12
2126724,M000167,None,189.0,,T001040,T001038,H008718,2003MM01
2126730,M000167,None,209.0,,T001040,T001038,H008718,2003MM02
2126736,M000167,None,157.0,,T001040,T001038,H008718,2003MM03
2126742,M000167,None,206.0,,T001040,T001038,H008718,2003MM04
2126748,M000167,None,166.0,,T001040,T001038,H008718,2003MM05
2126754,M000167,None,169.0,,T001040,T001038,H008718,2003MM06
2126760,M000167,None,214.0,,T001040,T001038,H008718,2003MM07
2126766,M000167,None,189.0,,T001040,T001038,H008718,2003MM08
2126772,M000167,None,258.0,,T001040,T001038,H008718,2003MM09
2126778,M000167,None,239.0,,T001040,T001038,H008718,2003MM10
2126784,M000167,None,156.0,,T001040,T001038,H008718,2003MM11
2126790,M000167,None,108.0,,T001040,T001038,H008718,2003MM12
2126802,M000167,None,143.0,,T001040,T001038,H008718,2004MM01
2126808,M000167,None,139.0,,T001040,T001038,H008718,2004MM02
2126814,M000167,None,151.0,,T001040,T001038,H008718,2004MM03
2126820,M000167,None,121.0,,T001040,T001038,H008718,2004MM04
2126826,M000167,None,714.0,,T001040,T001038,H008718,2004MM05
2126832,M000167,None,721.0,,T001040,T001038,H008718,2004MM06
2126838,M000167,None,586.0,,T001040,T001038,H008718,2004MM07
2126844,M000167,None,541.0,,T001040,T001038,H008718,2004MM08
2126850,M000167,None,764.0,,T001040,T001038,H008718,2004MM09
2126856,M000167,None,514.0,,T001040,T001038,H008718,2004MM10
2126862,M000167,None,486.0,,T001040,T001038,H008718,2004MM11
2126868,M000167,None,330.0,,T001040,T001038,H008718,2004MM12
2126880,M000167,None,441.0,,T001040,T001038,H008718,2005MM01
2126886,M000167,None,487.0,,T001040,T001038,H008718,2005MM02
2126892,M000167,None,473.0,,T001040,T001038,H008718,2005MM03
2126898,M000167,None,570.0,,T001040,T001038,H008718,2005MM04
2126904,M000167,None,492.0,,T001040,T001038,H008718,2005MM05
2126910,M000167,None,623.0,,T001040,T001038,H008718,2005MM06
2126916,M000167,None,536.0,,T001040,T001038,H008718,2005MM07
2126922,M000167,None,558.0,,T001040,T001038,H008718,2005MM08
2126928,M000167,None,815.0,,T001040,T001038,H008718,2005MM09
2126934,M000167,None,654.0,,T001040,T001038,H008718,2005MM10
2126940,M000167,None,685.0,,T001040,T001038,H008718,2005MM11
2126946,M000167,None,447.0,,T001040,T001038,H008718,2005MM12
2126958,M000167,None,567.0,,T001040,T001038,H008718,2006MM01
2126964,M000167,None,636.0,,T001040,T001038,H008718,2006MM02
2126970,M000167,None,656.0,,T001040,T001038,H008718,2006MM03
2126976,M000167,None,604.0,,T001040,T001038,H008718,2006MM04
2126982,M000167,None,690.0,,T001040,T001038,H008718,2006MM05
2126988,M000167,None,654.0,,T001040,T001038,H008718,2006MM06
2126994,M000167,None,521.0,,T001040,T001038,H008718,2006MM07
2127000,M000167,None,734.0,,T001040,T001038,H008718,2006MM08
2127006,M000167,None,1014.0,,T001040,T001038,H008718,2006MM09
2127012,M000167,None,930.0,,T001040,T001038,H008718,2006MM10
2127018,M000167,None,904.0,,T001040,T001038,H008718,2006MM11
2127024,M000167,None,490.0,,T001040,T001038,H008718,2006MM12
2127036,M000167,None,688.0,,T001040,T001038,H008718,2007MM01
2127042,M000167,None,707.0,,T001040,T001038,H008718,2007MM02
2127048,M000167,None,781.0,,T001040,T001038,H008718,2007MM03
2127054,M000167,None,535.0,,T001040,T001038,H008718,2007MM04
2127060,M000167,None,798.0,,T001040,T001038,H008718,2007MM05
2127066,M000167,None,870.0,,T001040,T001038,H008718,2007MM06
2127072,M000167,None,874.0,,T001040,T001038,H008718,2007MM07
2127078,M000167,None,964.0,,T001040,T001038,H008718,2007MM08
2127084,M000167,None,1133.0,,T001040,T001038,H008718,2007MM09
2127090,M000167,None,1204.0,,T001040,T001038,H008718,2007MM10
2127096,M000167,None,1027.0,,T001040,T001038,H008718,2007MM11
2127102,M000167,None,691.0,,T001040,T001038,H008718,2007MM12
2127114,M000167,None,1340.0,,T001040,T001038,H008718,2008MM01
2127120,M000167,None,1186.0,,T001040,T001038,H008718,2008MM02
2127126,M000167,None,1042.0,,T001040,T001038,H008718,2008MM03
2127132,M000167,None,1188.0,,T001040,T001038,H008718,2008MM04
2127138,M000167,None,1093.0,,T001040,T001038,H008718,2008MM05
2127144,M000167,None,1067.0,,T001040,T001038,H008718,2008MM06
2127150,M000167,None,1132.0,,T001040,T001038,H008718,2008MM07
2127156,M000167,None,1296.0,,T001040,T001038,H008718,2008MM08
2127162,M000167,None,1574.0,,T001040,T001038,H008718,2008MM09
2127168,M000167,None,1353.0,,T001040,T001038,H008718,2008MM10
2127174,M000167,None,1065.0,,T001040,T001038,H008718,2008MM11
2127180,M000167,None,813.0,,T001040,T001038,H008718,2008MM12
2127192,M000167,None,1240.0,,T001040,T001038,H008718,2009MM01
2127198,M000167,None,1136.0,,T001040,T001038,H008718,2009MM02
2127204,M000167,None,1249.0,,T001040,T001038,H008718,2009MM03
2127210,M000167,None,878.0,,T001040,T001038,H008718,2009MM04
2127216,M000167,None,894.0,,T001040,T001038,H008718,2009MM05
2127222,M000167,None,1111.0,,T001040,T001038,H008718,2009MM06
2127228,M000167,None,1197.0,,T001040,T001038,H008718,2009MM07
2127234,M000167,None,1108.0,,T001040,T001038,H008718,2009MM08
2127240,M000167,None,1428.0,,T001040,T001038,H008718,2009MM09
2127246,M000167,None,1151.0,,T001040,T001038,H008718,2009MM10
2127252,M000167,None,1065.0,,T001040,T001038,H008718,2009MM11
2127258,M000167,None,831.0,,T001040,T001038,H008718,2009MM12
2127270,M000167,None,1175.0,,T001040,T001038,H008718,2010MM01
2127276,M000167,None,1086.0,,T001040,T001038,H008718,2010MM02
2127282,M000167,None,1398.0,,T001040,T001038,H008718,2010MM03
2127288,M000167,None,1078.0,,T001040,T001038,H008718,2010MM04
2127294,M000167,None,919.0,,T001040,T001038,H008718,2010MM05
2127300,M000167,None,1151.0,,T001040,T001038,H008718,2010MM06
2127306,M000167,None,1386.0,,T001040,T001038,H008718,2010MM07
2127312,M000167,None,1479.0,,T001040,T001038,H008718,2010MM08
2127318,M000167,None,1630.0,,T001040,T001038,H008718,2010MM09
2127324,M000167,None,1437.0,,T001040,T001038,H008718,2010MM10
2127330,M000167,None,1395.0,,T001040,T001038,H008718,2010MM11
2127336,M000167,None,930.0,,T001040,T001038,H008718,2010MM12
2127348,M000167,None,1366.0,,T001040,T001038,H008718,2011MM01
2127354,M000167,None,1276.0,,T001040,T001038,H008718,2011MM02
2127360,M000167,None,1503.0,,T001040,T001038,H008718,2011MM03
2127366,M000167,None,1089.0,,T001040,T001038,H008718,2011MM04
2127372,M000167,None,1247.0,,T001040,T001038,H008718,2011MM05
2127378,M000167,None,1471.0,,T001040,T001038,H008718,2011MM06
2127384,M000167,None,1869.0,,T001040,T001038,H008718,2011MM07
2127390,M000167,None,1925.0,,T001040,T001038,H008718,2011MM08
2127396,M000167,None,2625.0,,T001040,T001038,H008718,2011MM09
2127402,M000167,None,1745.0,,T001040,T001038,H008718,2011MM10
2127408,M000167,None,2036.0,,T001040,T001038,H008718,2011MM11
2127414,M000167,None,1029.0,,T001040,T001038,H008718,2011MM12
2127426,M000167,None,1517.0,,T001040,T001038,H008718,2012MM01
2127432,M000167,None,1471.0,,T001040,T001038,H008718,2012MM02
2127438,M000167,None,1572.0,,T001040,T001038,H008718,2012MM03
2127444,M000167,None,1297.0,,T001040,T001038,H008718,2012MM04
2127450,M000167,None,1372.0,,T001040,T001038,H008718,2012MM05
2127456,M000167,None,1413.0,,T001040,T001038,H008718,2012MM06
2127462,M000167,None,1767.0,,T001040,T001038,H008718,2012MM07
2127468,M000167,None,1742.0,,T001040,T001038,H008718,2012MM08
2127474,M000167,None,2002.0,,T001040,T001038,H008718,2012MM09
2127480,M000167,None,1844.0,,T001040,T001038,H008718,2012MM10
2127486,M000167,None,1654.0,,T001040,T001038,H008718,2012MM11
2127492,M000167,None,1024.0,,T001040,T001038,H008718,2012MM12
2127504,M000167,None,1690.0,,T001040,T001038,H008718,2013MM01
2127510,M000167,None,1528.0,,T001040,T001038,H008718,2013MM02
2127516,M000167,None,1651.0,,T001040,T001038,H008718,2013MM03
2127522,M000167,None,1500.0,,T001040,T001038,H008718,2013MM04
2127528,M000167,None,1881.0,,T001040,T001038,H008718,2013MM05
2127534,M000167,None,1450.0,,T001040,T001038,H008718,2013MM06
2127540,M000167,None,2116.0,,T001040,T001038,H008718,2013MM07
2127546,M000167,None,1837.0,,T001040,T001038,H008718,2013MM08
2127552,M000167,None,1996.0,,T001040,T001038,H008718,2013MM09
2127558,M000167,None,1726.0,,T001040,T001038,H008718,2013MM10
2127564,M000167,None,1904.0,,T001040,T001038,H008718,2013MM11
2127570,M000167,None,1380.0,,T001040,T001038,H008718,2013MM12
2127582,M000167,None,2227.0,,T001040,T001038,H008718,2014MM01
2127588,M000167,None,2146.0,,T001040,T001038,H008718,2014MM02
2127594,M000167,None,2009.0,,T001040,T001038,H008718,2014MM03
2127600,M000167,None,2080.0,,T001040,T001038,H008718,2014MM04
2127606,M000167,None,1673.0,,T001040,T001038,H008718,2014MM05
2127612,M000167,None,2030.0,,T001040,T001038,H008718,2014MM06
2127618,M000167,None,2008.0,,T001040,T001038,H008718,2014MM07
2127624,M000167,None,1916.0,,T001040,T001038,H008718,2014MM08
2127630,M000167,None,2316.0,,T001040,T001038,H008718,2014MM09
2127636,M000167,None,2212.0,,T001040,T001038,H008718,2014MM10
2127642,M000167,None,1948.0,,T001040,T001038,H008718,2014MM11
2127648,M000167,None,1490.0,,T001040,T001038,H008718,2014MM12
2127660,M000167,None,1926.0,,T001040,T001038,H008718,2015MM01
2127666,M000167,None,1859.0,,T001040,T001038,H008718,2015MM02
2127672,M000167,None,2053.0,,T001040,T001038,H008718,2015MM03
2127678,M000167,None,1706.0,,T001040,T001038,H008718,2015MM04
2127684,M000167,None,1546.0,,T001040,T001038,H008718,2015MM05
2127690,M000167,None,2025.0,,T001040,T001038,H008718,2015MM06
2127696,M000167,None,2264.0,,T001040,T001038,H008718,2015MM07
2127702,M000167,None,1948.0,,T001040,T001038,H008718,2015MM08
2127708,M000167,None,2354.0,,T001040,T001038,H008718,2015MM09
2127714,M000167,None,2190.0,,T001040,T001038,H008718,2015MM10
2127720,M000167,None,1851.0,,T001040,T001038,H008718,2015MM11
2127726,M000167,None,1457.0,,T001040,T001038,H008718,2015MM12
2127738,M000167,None,1762.0,,T001040,T001038,H008718,2016MM01
2127744,M000167,None,2187.0,,T001040,T001038,H008718,2016MM02
2127750,M000167,None,1848.0,,T001040,T001038,H008718,2016MM03
2127756,M000167,None,1826.0,,T001040,T001038,H008718,2016MM04
2127762,M000167,None,1849.0,,T001040,T001038,H008718,2016MM05
2127768,M000167,None,2086.0,,T001040,T001038,H008718,2016MM06
2127774,M000167,None,1950.0,,T001040,T001038,H008718,2016MM07
2127780,M000167,None,2087.0,,T001040,T001038,H008718,2016MM08
2127786,M000167,None,2076.0,,T001040,T001038,H008718,2016MM09
2127792,M000167,None,1977.0,,T001040,T001038,H008718,2016MM10
2127798,M000167,None,2083.0,,T001040,T001038,H008718,2016MM11
2127804,M000167,None,1482.0,,T001040,T001038,H008718,2016MM12
2127816,M000167,None,1968.0,,T001040,T001038,H008718,2017MM01
2127822,M000167,None,1657.0,,T001040,T001038,H008718,2017MM02
2127828,M000167,None,2290.0,,T001040,T001038,H008718,2017MM03
2127834,M000167,None,1647.0,,T001040,T001038,H008718,2017MM04
2127840,M000167,None,1921.0,,T001040,T001038,H008718,2017MM05
2127846,M000167,None,2100.0,,T001040,T001038,H008718,2017MM06
2127852,M000167,None,2010.0,,T001040,T001038,H008718,2017MM07
2127858,M000167,None,2250.0,,T001040,T001038,H008718,2017MM08
2127864,M000167,None,2250.0,,T001040,T001038,H008718,2017MM09
2127870,M000167,None,2261.0,,T001040,T001038,H008718,2017MM10
2127876,M000167,None,2175.0,,T001040,T001038,H008718,2017MM11
2127882,M000167,None,1471.0,,T001040,T001038,H008718,2017MM12
2127894,M000167,None,2059.0,,T001040,T001038,H008718,2018MM01
2127900,M000167,None,2219.0,,T001040,T001038,H008718,2018MM02
2127906,M000167,None,1987.0,,T001040,T001038,H008718,2018MM03
2127912,M000167,None,1918.0,,T001040,T001038,H008718,2018MM04
2127918,M000167,None,2198.0,,T001040,T001038,H008718,2018MM05
2127924,M000167,None,2025.0,,T001040,T001038,H008718,2018MM06
2127930,M000167,None,2177.0,,T001040,T001038,H008718,2018MM07
2127936,M000167,None,2273.0,,T001040,T001038,H008718,2018MM08
2127942,M000167,None,2275.0,,T001040,T001038,H008718,2018MM09
2127948,M000167,None,2302.0,,T001040,T001038,H008718,2018MM10
2127954,M000167,None,2355.0,,T001040,T001038,H008718,2018MM11
2127960,M000167,None,1815.0,,T001040,T001038,H008718,2018MM12
2127972,M000167,None,2487.0,,T001040,T001038,H008718,2019MM01
2127978,M000167,None,2380.0,,T001040,T001038,H008718,2019MM02
2127984,M000167,None,2365.0,,T001040,T001038,H008718,2019MM03
2127990,M000167,None,2148.0,,T001040,T001038,H008718,2019MM04
2127996,M000167,None,2246.0,,T001040,T001038,H008718,2019MM05
2128002,M000167,None,2041.0,,T001040,T001038,H008718,2019MM06
2128008,M000167,None,2421.0,,T001040,T001038,H008718,2019MM07
2128014,M000167,None,2279.0,,T001040,T001038,H008718,2019MM08
2128020,M000167,None,2511.0,,T001040,T001038,H008718,2019MM09
2128026,M000167,None,2643.0,,T001040,T001038,H008718,2019MM10
2128032,M000167,None,2162.0,,T001040,T001038,H008718,2019MM11
2128038,M000167,None,1532.0,,T001040,T001038,H008718,2019MM12
2128050,M000167,None,2322.0,,T001040,T001038,H008718,2020MM01
2128056,M000167,None,2442.0,,T001040,T001038,H008718,2020MM02
2128062,M000167,None,2057.0,,T001040,T001038,H008718,2020MM03
2128068,M000167,None,1479.0,,T001040,T001038,H008718,2020MM04
2128074,M000167,None,1631.0,,T001040,T001038,H008718,2020MM05
2128080,M000167,None,2258.0,,T001040,T001038,H008718,2020MM06
2128086,M000167,None,2228.0,,T001040,T001038,H008718,2020MM07
2128092,M000167,None,2163.0,,T001040,T001038,H008718,2020MM08
2128098,M000167,None,2754.0,,T001040,T001038,H008718,2020MM09
2128104,M000167,None,2246.0,,T001040,T001038,H008718,2020MM10
2128110,M000167,None,2090.0,,T001040,T001038,H008718,2020MM11
2128116,M000167,None,2055.0,,T001040,T001038,H008718,2020MM12
2128128,M000167,None,2073.0,,T001040,T001038,H008718,2021MM01
2128134,M000167,None,2310.0,,T001040,T001038,H008718,2021MM02
2128140,M000167,None,2023.0,,T001040,T001038,H008718,2021MM03
2128146,M000167,None,2042.0,,T001040,T001038,H008718,2021MM04
2128152,M000167,None,1798.0,,T001040,T001038,H008718,2021MM05
2128158,M000167,None,2109.0,,T001040,T001038,H008718,2021MM06
2128164,M000167,None,2099.0,,T001040,T001038,H008718,2021MM07
2128170,M000167,None,2271.0,,T001040,T001038,H008718,2021MM08
2128176,M000167,None,2855.0,,T001040,T001038,H008718,2021MM09
2128182,M000167,None,2057.0,,T001040,T001038,H008718,2021MM10
2128188,M000167,None,2095.0,,T001040,T001038,H008718,2021MM11
2128194,M000167,None,1537.0,,T001040,T001038,H008718,2021MM12
2128206,M000167,None,1834.0,,T001040,T001038,H008718,2022MM01
2128212,M000167,None,1935.0,,T001040,T001038,H008718,2022MM02
2128218,M000167,None,2140.0,,T001040,T001038,H008718,2022MM03
2128224,M000167,None,1661.0,,T001040,T001038,H008718,2022MM04
2128230,M000167,None,2107.0,,T001040,T001038,H008718,2022MM05
2128236,M000167,None,2233.0,,T001040,T001038,H008718,2022MM06
2128242,M000167,None,2216.0,,T001040,T001038,H008718,2022MM07
2128248,M000167,None,2637.0,,T001040,T001038,H008718,2022MM08
2128254,M000167,None,3174.0,,T001040,T001038,H008718,2022MM09
2128260,M000167,None,2357.0,,T001040,T001038,H008718,2022MM10
2128266,M000167,None,2403.0,,T001040,T001038,H008718,2022MM11
2128272,M000167,None,1737.0,,T001040,T001038,H008718,2022MM12
2128284,M000167,None,2273.0,,T001040,T001038,H008718,2023MM01
2128290,M000167,None,2215.0,,T001040,T001038,H008718,2023MM02
2128296,M000167,None,2353.0,,T001040,T001038,H008718,2023MM03
2128302,M000167,None,1929.0,,T001040,T001038,H008718,2023MM04
2128308,M000167,None,2028.0,,T001040,T001038,H008718,2023MM05
2128314,M000167,None,1999.0,,T001040,T001038,H008718,2023MM06
2128320,M000167,None,2000.0,,T001040,T001038,H008718,2023MM07
2128326,M000167,None,2395.0,,T001040,T001038,H008718,2023MM08
2128332,M000167,None,2473.0,,T001040,T001038,H008718,2023MM09
2182050,M000167,None,28.0,,T001040,T001038,H008723,1995MM01
2182056,M000167,None,23.0,,T001040,T001038,H008723,1995MM02
2182062,M000167,None,22.0,,T001040,T001038,H008723,1995MM03
2182068,M000167,None,15.0,,T001040,T001038,H008723,1995MM04
2182074,M000167,None,8.0,,T001040,T001038,H008723,1995MM05
2182080,M000167,None,27.0,,T001040,T001038,H008723,1995MM06
2182086,M000167,None,21.0,,T001040,T001038,H008723,1995MM07
2182092,M000167,None,45.0,,T001040,T001038,H008723,1995MM08
2182098,M000167,None,32.0,,T001040,T001038,H008723,1995MM09
2182104,M000167,None,46.0,,T001040,T001038,H008723,1995MM10
2182110,M000167,None,21.0,,T001040,T001038,H008723,1995MM11
2182116,M000167,None,19.0,,T001040,T001038,H008723,1995MM12
2182128,M000167,None,26.0,,T001040,T001038,H008723,1996MM01
2182134,M000167,None,20.0,,T001040,T001038,H008723,1996MM02
2182140,M000167,None,23.0,,T001040,T001038,H008723,1996MM03
2182146,M000167,None,40.0,,T001040,T001038,H008723,1996MM04
2182152,M000167,None,26.0,,T001040,T001038,H008723,1996MM05
2182158,M000167,None,19.0,,T001040,T001038,H008723,1996MM06
2182164,M000167,None,27.0,,T001040,T001038,H008723,1996MM07
2182170,M000167,None,36.0,,T001040,T001038,H008723,1996MM08
2182176,M000167,None,30.0,,T001040,T001038,H008723,1996MM09
2182182,M000167,None,40.0,,T001040,T001038,H008723,1996MM10
2182188,M000167,None,33.0,,T001040,T001038,H008723,1996MM11
2182194,M000167,None,29.0,,T001040,T001038,H008723,1996MM12
2182206,M000167,None,26.0,,T001040,T001038,H008723,1997MM01
2182212,M000167,None,27.0,,T001040,T001038,H008723,1997MM02
2182218,M000167,None,32.0,,T001040,T001038,H008723,1997MM03
2182224,M000167,None,45.0,,T001040,T001038,H008723,1997MM04
2182230,M000167,None,26.0,,T001040,T001038,H008723,1997MM05
2182236,M000167,None,35.0,,T001040,T001038,H008723,1997MM06
2182242,M000167,None,30.0,,T001040,T001038,H008723,1997MM07
2182248,M000167,None,37.0,,T001040,T001038,H008723,1997MM08
2182254,M000167,None,61.0,,T001040,T001038,H008723,1997MM09
2182260,M000167,None,36.0,,T001040,T001038,H008723,1997MM10
2182266,M000167,None,42.0,,T001040,T001038,H008723,1997MM11
2182272,M000167,None,31.0,,T001040,T001038,H008723,1997MM12
2182284,M000167,None,34.0,,T001040,T001038,H008723,1998MM01
2182290,M000167,None,26.0,,T001040,T001038,H008723,1998MM02
2182296,M000167,None,38.0,,T001040,T001038,H008723,1998MM03
2182302,M000167,None,44.0,,T001040,T001038,H008723,1998MM04
2182308,M000167,None,22.0,,T001040,T001038,H008723,1998MM05
2182314,M000167,None,21.0,,T001040,T001038,H008723,1998MM06
2182320,M000167,None,49.0,,T001040,T001038,H008723,1998MM07
2182326,M000167,None,46.0,,T001040,T001038,H008723,1998MM08
2182332,M000167,None,68.0,,T001040,T001038,H008723,1998MM09
2182338,M000167,None,55.0,,T001040,T001038,H008723,1998MM10
2182344,M000167,None,57.0,,T001040,T001038,H008723,1998MM11
2182350,M000167,None,26.0,,T001040,T001038,H008723,1998MM12
2182362,M000167,None,36.0,,T001040,T001038,H008723,1999MM01
2182368,M000167,None,34.0,,T001040,T001038,H008723,1999MM02
2182374,M000167,None,42.0,,T001040,T001038,H008723,1999MM03
2182380,M000167,None,21.0,,T001040,T001038,H008723,1999MM04
2182386,M000167,None,24.0,,T001040,T001038,H008723,1999MM05
2182392,M000167,None,28.0,,T001040,T001038,H008723,1999MM06
2182398,M000167,None,26.0,,T001040,T001038,H008723,1999MM07
2182404,M000167,None,44.0,,T001040,T001038,H008723,1999MM08
2182410,M000167,None,58.0,,T001040,T001038,H008723,1999MM09
2182416,M000167,None,45.0,,T001040,T001038,H008723,1999MM10
2182422,M000167,None,47.0,,T001040,T001038,H008723,1999MM11
2182428,M000167,None,35.0,,T001040,T001038,H008723,1999MM12
2182440,M000167,None,47.0,,T001040,T001038,H008723,2000MM01
2182446,M000167,None,44.0,,T001040,T001038,H008723,2000MM02
2182452,M000167,None,69.0,,T001040,T001038,H008723,2000MM03
2182458,M000167,None,50.0,,T001040,T001038,H008723,2000MM04
2182464,M000167,None,52.0,,T001040,T001038,H008723,2000MM05
2182470,M000167,None,51.0,,T001040,T001038,H008723,2000MM06
2182476,M000167,None,43.0,,T001040,T001038,H008723,2000MM07
2182482,M000167,None,61.0,,T001040,T001038,H008723,2000MM08
2182488,M000167,None,75.0,,T001040,T001038,H008723,2000MM09
2182494,M000167,None,54.0,,T001040,T001038,H008723,2000MM10
2182500,M000167,None,59.0,,T001040,T001038,H008723,2000MM11
2182506,M000167,None,42.0,,T001040,T001038,H008723,2000MM12
2182518,M000167,None,59.0,,T001040,T001038,H008723,2001MM01
2182524,M000167,None,66.0,,T001040,T001038,H008723,2001MM02
2182530,M000167,None,60.0,,T001040,T001038,H008723,2001MM03
2182536,M000167,None,43.0,,T001040,T001038,H008723,2001MM04
2182542,M000167,None,72.0,,T001040,T001038,H008723,2001MM05
2182548,M000167,None,47.0,,T001040,T001038,H008723,2001MM06
2182554,M000167,None,52.0,,T001040,T001038,H008723,2001MM07
2182560,M000167,None,73.0,,T001040,T001038,H008723,2001MM08
2182566,M000167,None,61.0,,T001040,T001038,H008723,2001MM09
2182572,M000167,None,73.0,,T001040,T001038,H008723,2001MM10
2182578,M000167,None,46.0,,T001040,T001038,H008723,2001MM11
2182584,M000167,None,81.0,,T001040,T001038,H008723,2001MM12
2182596,M000167,None,50.0,,T001040,T001038,H008723,2002MM01
2182602,M000167,None,55.0,,T001040,T001038,H008723,2002MM02
2182608,M000167,None,54.0,,T001040,T001038,H008723,2002MM03
2182614,M000167,None,89.0,,T001040,T001038,H008723,2002MM04
2182620,M000167,None,50.0,,T001040,T001038,H008723,2002MM05
2182626,M000167,None,35.0,,T001040,T001038,H008723,2002MM06
2182632,M000167,None,49.0,,T001040,T001038,H008723,2002MM07
2182638,M000167,None,50.0,,T001040,T001038,H008723,2002MM08
2182644,M000167,None,66.0,,T001040,T001038,H008723,2002MM09
2182650,M000167,None,51.0,,T001040,T001038,H008723,2002MM10
2182656,M000167,None,52.0,,T001040,T001038,H008723,2002MM11
2182662,M000167,None,59.0,,T001040,T001038,H008723,2002MM12
2182674,M000167,None,82.0,,T001040,T001038,H008723,2003MM01
2182680,M000167,None,49.0,,T001040,T001038,H008723,2003MM02
2182686,M000167,None,70.0,,T001040,T001038,H008723,2003MM03
2182692,M000167,None,49.0,,T001040,T001038,H008723,2003MM04
2182698,M000167,None,44.0,,T001040,T001038,H008723,2003MM05
2182704,M000167,None,57.0,,T001040,T001038,H008723,2003MM06
2182710,M000167,None,52.0,,T001040,T001038,H008723,2003MM07
2182716,M000167,None,57.0,,T001040,T001038,H008723,2003MM08
2182722,M000167,None,113.0,,T001040,T001038,H008723,2003MM09
2182728,M000167,None,73.0,,T001040,T001038,H008723,2003MM10
2182734,M000167,None,48.0,,T001040,T001038,H008723,2003MM11
2182740,M000167,None,49.0,,T001040,T001038,H008723,2003MM12
2182752,M000167,None,55.0,,T001040,T001038,H008723,2004MM01
2182758,M000167,None,92.0,,T001040,T001038,H008723,2004MM02
2182764,M000167,None,59.0,,T001040,T001038,H008723,2004MM03
2182770,M000167,None,35.0,,T001040,T001038,H008723,2004MM04
2182776,M000167,None,50.0,,T001040,T001038,H008723,2004MM05
2182782,M000167,None,46.0,,T001040,T001038,H008723,2004MM06
2182788,M000167,None,59.0,,T001040,T001038,H008723,2004MM07
2182794,M000167,None,52.0,,T001040,T001038,H008723,2004MM08
2182800,M000167,None,100.0,,T001040,T001038,H008723,2004MM09
2182806,M000167,None,83.0,,T001040,T001038,H008723,2004MM10
2182812,M000167,None,64.0,,T001040,T001038,H008723,2004MM11
2182818,M000167,None,34.0,,T001040,T001038,H008723,2004MM12
2182830,M000167,None,64.0,,T001040,T001038,H008723,2005MM01
2182836,M000167,None,43.0,,T001040,T001038,H008723,2005MM02
2182842,M000167,None,46.0,,T001040,T001038,H008723,2005MM03
2182848,M000167,None,34.0,,T001040,T001038,H008723,2005MM04
2182854,M000167,None,45.0,,T001040,T001038,H008723,2005MM05
2182860,M000167,None,27.0,,T001040,T001038,H008723,2005MM06
2182866,M000167,None,33.0,,T001040,T001038,H008723,2005MM07
2182872,M000167,None,44.0,,T001040,T001038,H008723,2005MM08
2182878,M000167,None,104.0,,T001040,T001038,H008723,2005MM09
2182884,M000167,None,63.0,,T001040,T001038,H008723,2005MM10
2182890,M000167,None,47.0,,T001040,T001038,H008723,2005MM11
2182896,M000167,None,33.0,,T001040,T001038,H008723,2005MM12
2182908,M000167,None,69.0,,T001040,T001038,H008723,2006MM01
2182914,M000167,None,73.0,,T001040,T001038,H008723,2006MM02
2182920,M000167,None,82.0,,T001040,T001038,H008723,2006MM03
2182926,M000167,None,73.0,,T001040,T001038,H008723,2006MM04
2182932,M000167,None,52.0,,T001040,T001038,H008723,2006MM05
2182938,M000167,None,38.0,,T001040,T001038,H008723,2006MM06
2182944,M000167,None,46.0,,T001040,T001038,H008723,2006MM07
2182950,M000167,None,83.0,,T001040,T001038,H008723,2006MM08
2182956,M000167,None,98.0,,T001040,T001038,H008723,2006MM09
2182962,M000167,None,77.0,,T001040,T001038,H008723,2006MM10
2182968,M000167,None,69.0,,T001040,T001038,H008723,2006MM11
2182974,M000167,None,27.0,,T001040,T001038,H008723,2006MM12
2182986,M000167,None,343.0,,T001040,T001038,H008723,2007MM01
2182992,M000167,None,273.0,,T001040,T001038,H008723,2007MM02
2182998,M000167,None,188.0,,T001040,T001038,H008723,2007MM03
2183004,M000167,None,133.0,,T001040,T001038,H008723,2007MM04
2183010,M000167,None,167.0,,T001040,T001038,H008723,2007MM05
2183016,M000167,None,177.0,,T001040,T001038,H008723,2007MM06
2183022,M000167,None,153.0,,T001040,T001038,H008723,2007MM07
2183028,M000167,None,213.0,,T001040,T001038,H008723,2007MM08
2183034,M000167,None,272.0,,T001040,T001038,H008723,2007MM09
2183040,M000167,None,230.0,,T001040,T001038,H008723,2007MM10
2183046,M000167,None,179.0,,T001040,T001038,H008723,2007MM11
2183052,M000167,None,108.0,,T001040,T001038,H008723,2007MM12
2183064,M000167,None,233.0,,T001040,T001038,H008723,2008MM01
2183070,M000167,None,216.0,,T001040,T001038,H008723,2008MM02
2183076,M000167,None,167.0,,T001040,T001038,H008723,2008MM03
2183082,M000167,None,182.0,,T001040,T001038,H008723,2008MM04
2183088,M000167,None,209.0,,T001040,T001038,H008723,2008MM05
2183094,M000167,None,177.0,,T001040,T001038,H008723,2008MM06
2183100,M000167,None,180.0,,T001040,T001038,H008723,2008MM07
2183106,M000167,None,215.0,,T001040,T001038,H008723,2008MM08
2183112,M000167,None,376.0,,T001040,T001038,H008723,2008MM09
2183118,M000167,None,199.0,,T001040,T001038,H008723,2008MM10
2183124,M000167,None,227.0,,T001040,T001038,H008723,2008MM11
2183130,M000167,None,125.0,,T001040,T001038,H008723,2008MM12
2183142,M000167,None,165.0,,T001040,T001038,H008723,2009MM01
2183148,M000167,None,159.0,,T001040,T001038,H008723,2009MM02
2183154,M000167,None,130.0,,T001040,T001038,H008723,2009MM03
2183160,M000167,None,188.0,,T001040,T001038,H008723,2009MM04
2183166,M000167,None,158.0,,T001040,T001038,H008723,2009MM05
2183172,M000167,None,217.0,,T001040,T001038,H008723,2009MM06
2183178,M000167,None,158.0,,T001040,T001038,H008723,2009MM07
2183184,M000167,None,208.0,,T001040,T001038,H008723,2009MM08
2183190,M000167,None,343.0,,T001040,T001038,H008723,2009MM09
2183196,M000167,None,240.0,,T001040,T001038,H008723,2009MM10
2183202,M000167,None,150.0,,T001040,T001038,H008723,2009MM11
2183208,M000167,None,133.0,,T001040,T001038,H008723,2009MM12
2183220,M000167,None,176.0,,T001040,T001038,H008723,2010MM01
2183226,M000167,None,188.0,,T001040,T001038,H008723,2010MM02
2183232,M000167,None,180.0,,T001040,T001038,H008723,2010MM03
2183238,M000167,None,161.0,,T001040,T001038,H008723,2010MM04
2183244,M000167,None,172.0,,T001040,T001038,H008723,2010MM05
2183250,M000167,None,246.0,,T001040,T001038,H008723,2010MM06
2183256,M000167,None,181.0,,T001040,T001038,H008723,2010MM07
2183262,M000167,None,340.0,,T001040,T001038,H008723,2010MM08
2183268,M000167,None,421.0,,T001040,T001038,H008723,2010MM09
2183274,M000167,None,295.0,,T001040,T001038,H008723,2010MM10
2183280,M000167,None,198.0,,T001040,T001038,H008723,2010MM11
2183286,M000167,None,162.0,,T001040,T001038,H008723,2010MM12
2183298,M000167,None,173.0,,T001040,T001038,H008723,2011MM01
2183304,M000167,None,219.0,,T001040,T001038,H008723,2011MM02
2183310,M000167,None,236.0,,T001040,T001038,H008723,2011MM03
2183316,M000167,None,155.0,,T001040,T001038,H008723,2011MM04
2183322,M000167,None,191.0,,T001040,T001038,H008723,2011MM05
2183328,M000167,None,179.0,,T001040,T001038,H008723,2011MM06
2183334,M000167,None,209.0,,T001040,T001038,H008723,2011MM07
2183340,M000167,None,428.0,,T001040,T001038,H008723,2011MM08
2183346,M000167,None,409.0,,T001040,T001038,H008723,2011MM09
2183352,M000167,None,231.0,,T001040,T001038,H008723,2011MM10
2183358,M000167,None,254.0,,T001040,T001038,H008723,2011MM11
2183364,M000167,None,158.0,,T001040,T001038,H008723,2011MM12
2183376,M000167,None,187.0,,T001040,T001038,H008723,2012MM01
2183382,M000167,None,231.0,,T001040,T001038,H008723,2012MM02
2183388,M000167,None,200.0,,T001040,T001038,H008723,2012MM03
2183394,M000167,None,161.0,,T001040,T001038,H008723,2012MM04
2183400,M000167,None,144.0,,T001040,T001038,H008723,2012MM05
2183406,M000167,None,161.0,,T001040,T001038,H008723,2012MM06
2183412,M000167,None,162.0,,T001040,T001038,H008723,2012MM07
2183418,M000167,None,406.0,,T001040,T001038,H008723,2012MM08
2183424,M000167,None,429.0,,T001040,T001038,H008723,2012MM09
2183430,M000167,None,244.0,,T001040,T001038,H008723,2012MM10
2183436,M000167,None,200.0,,T001040,T001038,H008723,2012MM11
2183442,M000167,None,112.0,,T001040,T001038,H008723,2012MM12
2183454,M000167,None,210.0,,T001040,T001038,H008723,2013MM01
2183460,M000167,None,232.0,,T001040,T001038,H008723,2013MM02
2183466,M000167,None,182.0,,T001040,T001038,H008723,2013MM03
2183472,M000167,None,151.0,,T001040,T001038,H008723,2013MM04
2183478,M000167,None,173.0,,T001040,T001038,H008723,2013MM05
2183484,M000167,None,163.0,,T001040,T001038,H008723,2013MM06
2183490,M000167,None,180.0,,T001040,T001038,H008723,2013MM07
2183496,M000167,None,347.0,,T001040,T001038,H008723,2013MM08
2183502,M000167,None,409.0,,T001040,T001038,H008723,2013MM09
2183508,M000167,None,270.0,,T001040,T001038,H008723,2013MM10
2183514,M000167,None,218.0,,T001040,T001038,H008723,2013MM11
2183520,M000167,None,149.0,,T001040,T001038,H008723,2013MM12
2183532,M000167,None,454.0,,T001040,T001038,H008723,2014MM01
2183538,M000167,None,386.0,,T001040,T001038,H008723,2014MM02
2183544,M000167,None,458.0,,T001040,T001038,H008723,2014MM03
2183550,M000167,None,387.0,,T001040,T001038,H008723,2014MM04
2183556,M000167,None,374.0,,T001040,T001038,H008723,2014MM05
2183562,M000167,None,322.0,,T001040,T001038,H008723,2014MM06
2183568,M000167,None,335.0,,T001040,T001038,H008723,2014MM07
2183574,M000167,None,406.0,,T001040,T001038,H008723,2014MM08
2183580,M000167,None,526.0,,T001040,T001038,H008723,2014MM09
2183586,M000167,None,391.0,,T001040,T001038,H008723,2014MM10
2183592,M000167,None,286.0,,T001040,T001038,H008723,2014MM11
2183598,M000167,None,221.0,,T001040,T001038,H008723,2014MM12
2183610,M000167,None,326.0,,T001040,T001038,H008723,2015MM01
2183616,M000167,None,304.0,,T001040,T001038,H008723,2015MM02
2183622,M000167,None,290.0,,T001040,T001038,H008723,2015MM03
2183628,M000167,None,282.0,,T001040,T001038,H008723,2015MM04
2183634,M000167,None,304.0,,T001040,T001038,H008723,2015MM05
2183640,M000167,None,304.0,,T001040,T001038,H008723,2015MM06
2183646,M000167,None,389.0,,T001040,T001038,H008723,2015MM07
2183652,M000167,None,485.0,,T001040,T001038,H008723,2015MM08
2183658,M000167,None,660.0,,T001040,T001038,H008723,2015MM09
2183664,M000167,None,387.0,,T001040,T001038,H008723,2015MM10
2183670,M000167,None,349.0,,T001040,T001038,H008723,2015MM11
2183676,M000167,None,199.0,,T001040,T001038,H008723,2015MM12
2183688,M000167,None,300.0,,T001040,T001038,H008723,2016MM01
2183694,M000167,None,392.0,,T001040,T001038,H008723,2016MM02
2183700,M000167,None,363.0,,T001040,T001038,H008723,2016MM03
2183706,M000167,None,291.0,,T001040,T001038,H008723,2016MM04
2183712,M000167,None,471.0,,T001040,T001038,H008723,2016MM05
2183718,M000167,None,440.0,,T001040,T001038,H008723,2016MM06
2183724,M000167,None,341.0,,T001040,T001038,H008723,2016MM07
2183730,M000167,None,636.0,,T001040,T001038,H008723,2016MM08
2183736,M000167,None,665.0,,T001040,T001038,H008723,2016MM09
2183742,M000167,None,477.0,,T001040,T001038,H008723,2016MM10
2183748,M000167,None,379.0,,T001040,T001038,H008723,2016MM11
2183754,M000167,None,277.0,,T001040,T001038,H008723,2016MM12
2183766,M000167,None,407.0,,T001040,T001038,H008723,2017MM01
2183772,M000167,None,421.0,,T001040,T001038,H008723,2017MM02
2183778,M000167,None,614.0,,T001040,T001038,H008723,2017MM03
2183784,M000167,None,410.0,,T001040,T001038,H008723,2017MM04
2183790,M000167,None,672.0,,T001040,T001038,H008723,2017MM05
2183796,M000167,None,564.0,,T001040,T001038,H008723,2017MM06
2183802,M000167,None,538.0,,T001040,T001038,H008723,2017MM07
2183808,M000167,None,811.0,,T001040,T001038,H008723,2017MM08
2183814,M000167,None,879.0,,T001040,T001038,H008723,2017MM09
2183820,M000167,None,708.0,,T001040,T001038,H008723,2017MM10
2183826,M000167,None,647.0,,T001040,T001038,H008723,2017MM11
2183832,M000167,None,382.0,,T001040,T001038,H008723,2017MM12
2183844,M000167,None,534.0,,T001040,T001038,H008723,2018MM01
2183850,M000167,None,663.0,,T001040,T001038,H008723,2018MM02
2183856,M000167,None,565.0,,T001040,T001038,H008723,2018MM03
2183862,M000167,None,558.0,,T001040,T001038,H008723,2018MM04
2183868,M000167,None,801.0,,T001040,T001038,H008723,2018MM05
2183874,M000167,None,625.0,,T001040,T001038,H008723,2018MM06
2183880,M000167,None,599.0,,T001040,T001038,H008723,2018MM07
2183886,M000167,None,1080.0,,T001040,T001038,H008723,2018MM08
2183892,M000167,None,1000.0,,T001040,T001038,H008723,2018MM09
2183898,M000167,None,883.0,,T001040,T001038,H008723,2018MM10
2183904,M000167,None,773.0,,T001040,T001038,H008723,2018MM11
2183910,M000167,None,584.0,,T001040,T001038,H008723,2018MM12
2183922,M000167,None,750.0,,T001040,T001038,H008723,2019MM01
2183928,M000167,None,757.0,,T001040,T001038,H008723,2019MM02
2183934,M000167,None,831.0,,T001040,T001038,H008723,2019MM03
2183940,M000167,None,764.0,,T001040,T001038,H008723,2019MM04
2183946,M000167,None,927.0,,T001040,T001038,H008723,2019MM05
2183952,M000167,None,722.0,,T001040,T001038,H008723,2019MM06
2183958,M000167,None,806.0,,T001040,T001038,H008723,2019MM07
2183964,M000167,None,1250.0,,T001040,T001038,H008723,2019MM08
2183970,M000167,None,1237.0,,T001040,T001038,H008723,2019MM09
2183976,M000167,None,972.0,,T001040,T001038,H008723,2019MM10
2183982,M000167,None,905.0,,T001040,T001038,H008723,2019MM11
2183988,M000167,None,502.0,,T001040,T001038,H008723,2019MM12
2184000,M000167,None,697.0,,T001040,T001038,H008723,2020MM01
2184006,M000167,None,855.0,,T001040,T001038,H008723,2020MM02
2184012,M000167,None,738.0,,T001040,T001038,H008723,2020MM03
2184018,M000167,None,422.0,,T001040,T001038,H008723,2020MM04
2184024,M000167,None,547.0,,T001040,T001038,H008723,2020MM05
2184030,M000167,None,778.0,,T001040,T001038,H008723,2020MM06
2184036,M000167,None,937.0,,T001040,T001038,H008723,2020MM07
2184042,M000167,None,1151.0,,T001040,T001038,H008723,2020MM08
2184048,M000167,None,1249.0,,T001040,T001038,H008723,2020MM09
2184054,M000167,None,934.0,,T001040,T001038,H008723,2020MM10
2184060,M000167,None,692.0,,T001040,T001038,H008723,2020MM11
2184066,M000167,None,477.0,,T001040,T001038,H008723,2020MM12
2184078,M000167,None,554.0,,T001040,T001038,H008723,2021MM01
2184084,M000167,None,744.0,,T001040,T001038,H008723,2021MM02
2184090,M000167,None,756.0,,T001040,T001038,H008723,2021MM03
2184096,M000167,None,684.0,,T001040,T001038,H008723,2021MM04
2184102,M000167,None,754.0,,T001040,T001038,H008723,2021MM05
2184108,M000167,None,1020.0,,T001040,T001038,H008723,2021MM06
2184114,M000167,None,772.0,,T001040,T001038,H008723,2021MM07
2184120,M000167,None,1481.0,,T001040,T001038,H008723,2021MM08
2184126,M000167,None,1627.0,,T001040,T001038,H008723,2021MM09
2184132,M000167,None,1076.0,,T001040,T001038,H008723,2021MM10
2184138,M000167,None,1002.0,,T001040,T001038,H008723,2021MM11
2184144,M000167,None,632.0,,T001040,T001038,H008723,2021MM12
2184156,M000167,None,783.0,,T001040,T001038,H008723,2022MM01
2184162,M000167,None,910.0,,T001040,T001038,H008723,2022MM02
2184168,M000167,None,1051.0,,T001040,T001038,H008723,2022MM03
2184174,M000167,None,850.0,,T001040,T001038,H008723,2022MM04
2184180,M000167,None,1054.0,,T001040,T001038,H008723,2022MM05
2184186,M000167,None,966.0,,T001040,T001038,H008723,2022MM06
2184192,M000167,None,916.0,,T001040,T001038,H008723,2022MM07
2184198,M000167,None,1751.0,,T001040,T001038,H008723,2022MM08
2184204,M000167,None,1826.0,,T001040,T001038,H008723,2022MM09
2184210,M000167,None,1047.0,,T001040,T001038,H008723,2022MM10
2184216,M000167,None,957.0,,T001040,T001038,H008723,2022MM11
2184222,M000167,None,642.0,,T001040,T001038,H008723,2022MM12
2184234,M000167,None,781.0,,T001040,T001038,H008723,2023MM01
2184240,M000167,None,892.0,,T001040,T001038,H008723,2023MM02
2184246,M000167,None,1025.0,,T001040,T001038,H008723,2023MM03
2184252,M000167,None,822.0,,T001040,T001038,H008723,2023MM04
2184258,M000167,None,1063.0,,T001040,T001038,H008723,2023MM05
2184264,M000167,None,1047.0,,T001040,T001038,H008723,2023MM06
2184270,M000167,None,825.0,,T001040,T001038,H008723,2023MM07
2184276,M000167,None,1564.0,,T001040,T001038,H008723,2023MM08
2184282,M000167,None,1424.0,,T001040,T001038,H008723,2023MM09
