Period,Country,Immigration,Country-Minimum-Wage-PPS,NL-Minimum-Wage-PPS,Country-Wages-and-Salaries-Index,NL-Wages-and-Salaries-Index,NL-Conjunctuurklok
201001,Poland,1175.0,543.0,1283.0,62.3,81.5,-0.43
201002,Poland,1086.0,543.0,1283.0,62.3,81.5,-0.36
201003,Poland,1398.0,543.0,1283.0,62.3,81.5,-0.32
201004,Poland,1078.0,543.0,1283.0,63.1,82.0,-0.25
201005,Poland,919.0,543.0,1283.0,63.1,82.0,-0.18
201006,Poland,1151.0,543.0,1283.0,63.1,82.0,-0.13
201007,Poland,1386.0,543.0,1291.0,63.4,81.5,-0.03
201008,Poland,1479.0,543.0,1291.0,63.4,81.5,0.04
201009,Poland,1630.0,543.0,1291.0,63.4,81.5,0.1
201010,Poland,1437.0,543.0,1291.0,64.7,81.9,0.21
201011,Poland,1395.0,543.0,1291.0,64.7,81.9,0.28
201012,Poland,930.0,543.0,1291.0,64.7,81.9,0.35
201101,Poland,1366.0,572.0,1284.0,65.1,83.0,0.45
201102,Poland,1276.0,572.0,1284.0,65.1,83.0,0.5
201103,Poland,1503.0,572.0,1284.0,65.1,83.0,0.55
201104,Poland,1089.0,572.0,1284.0,66.1,84.4,0.6
201105,Poland,1247.0,572.0,1284.0,66.1,84.4,0.59
201106,Poland,1471.0,572.0,1284.0,66.1,84.4,0.57
201107,Poland,1869.0,572.0,1293.0,66.4,82.9,0.55
201108,Poland,1925.0,572.0,1293.0,66.4,82.9,0.48
201109,Poland,2625.0,572.0,1293.0,66.4,82.9,0.4
201110,Poland,1745.0,572.0,1293.0,66.8,83.5,0.32
201111,Poland,2036.0,572.0,1293.0,66.8,83.5,0.24
201112,Poland,1029.0,572.0,1293.0,66.8,83.5,0.15
201201,Poland,1517.0,623.0,1298.0,67.0,83.8,0.08
201202,Poland,1471.0,623.0,1298.0,67.0,83.8,0.03
201203,Poland,1572.0,623.0,1298.0,67.0,83.8,-0.03
201204,Poland,1297.0,623.0,1298.0,68.2,84.4,-0.11
201205,Poland,1372.0,623.0,1298.0,68.2,84.4,-0.15
201206,Poland,1413.0,623.0,1298.0,68.2,84.4,-0.22
201207,Poland,1767.0,623.0,1307.0,68.6,85.1,-0.32
201208,Poland,1742.0,623.0,1307.0,68.6,85.1,-0.38
201209,Poland,2002.0,623.0,1307.0,68.6,85.1,-0.46
201210,Poland,1844.0,623.0,1307.0,68.7,86.0,-0.6
201211,Poland,1654.0,623.0,1307.0,68.7,86.0,-0.68
201212,Poland,1024.0,623.0,1307.0,68.7,86.0,-0.79
201301,Poland,1690.0,666.0,1312.0,69.2,85.6,-0.93
201302,Poland,1528.0,666.0,1312.0,69.2,85.6,-1.01
201303,Poland,1651.0,666.0,1312.0,69.2,85.6,-1.1
201304,Poland,1500.0,666.0,1312.0,69.5,85.2,-1.18
201305,Poland,1881.0,666.0,1312.0,69.5,85.2,-1.21
201306,Poland,1450.0,666.0,1312.0,69.5,85.2,-1.22
201307,Poland,2116.0,666.0,1319.0,70.5,86.1,-1.22
201308,Poland,1837.0,666.0,1319.0,70.5,86.1,-1.2
201309,Poland,1996.0,666.0,1319.0,70.5,86.1,-1.14
201310,Poland,1726.0,666.0,1319.0,71.0,86.5,-1.08
201311,Poland,1904.0,666.0,1319.0,71.0,86.5,-1.03
201312,Poland,1380.0,666.0,1319.0,71.0,86.5,-0.96
201401,Poland,2227.0,691.0,1303.0,71.3,85.3,-0.91
201402,Poland,2146.0,691.0,1303.0,71.3,85.3,-0.88
201403,Poland,2009.0,691.0,1303.0,71.3,85.3,-0.86
201404,Poland,2080.0,691.0,1303.0,72.2,87.3,-0.84
201405,Poland,1673.0,691.0,1303.0,72.2,87.3,-0.83
201406,Poland,2030.0,691.0,1303.0,72.2,87.3,-0.83
201407,Poland,2008.0,691.0,1311.0,72.3,85.3,-0.82
201408,Poland,1916.0,691.0,1311.0,72.3,85.3,-0.82
201409,Poland,2316.0,691.0,1311.0,72.3,85.3,-0.8
201410,Poland,2212.0,691.0,1311.0,73.3,86.9,-0.77
201411,Poland,1948.0,691.0,1311.0,73.3,86.9,-0.72
201412,Poland,1490.0,691.0,1311.0,73.3,86.9,-0.67
201501,Poland,1926.0,726.0,1316.0,74.3,87.1,-0.62
201502,Poland,1859.0,726.0,1316.0,74.3,87.1,-0.56
201503,Poland,2053.0,726.0,1316.0,74.3,87.1,-0.5
201504,Poland,1706.0,726.0,1316.0,74.1,88.1,-0.46
201505,Poland,1546.0,726.0,1316.0,74.1,88.1,-0.42
201506,Poland,2025.0,726.0,1316.0,74.1,88.1,-0.38
201507,Poland,2264.0,726.0,1321.0,75.2,88.1,-0.35
201508,Poland,1948.0,726.0,1321.0,75.2,88.1,-0.32
201509,Poland,2354.0,726.0,1321.0,75.2,88.1,-0.3
201510,Poland,2190.0,726.0,1321.0,75.5,87.6,-0.28
201511,Poland,1851.0,726.0,1321.0,75.5,87.6,-0.29
201512,Poland,1457.0,726.0,1321.0,75.5,87.6,-0.29
201601,Poland,1762.0,758.0,1316.0,76.7,88.9,-0.27
201602,Poland,2187.0,758.0,1316.0,76.7,88.9,-0.27
201603,Poland,1848.0,758.0,1316.0,76.7,88.9,-0.27
201604,Poland,1826.0,758.0,1316.0,76.4,88.5,-0.24
201605,Poland,1849.0,758.0,1316.0,76.4,88.5,-0.23
201606,Poland,2086.0,758.0,1316.0,76.4,88.5,-0.21
201607,Poland,1950.0,758.0,1327.0,78.7,90.0,-0.18
201608,Poland,2087.0,758.0,1327.0,78.7,90.0,-0.14
201609,Poland,2076.0,758.0,1327.0,78.7,90.0,-0.11
201610,Poland,1977.0,758.0,1327.0,78.7,89.2,-0.06
201611,Poland,2083.0,758.0,1327.0,78.7,89.2,-0.01
201612,Poland,1482.0,758.0,1327.0,78.7,89.2,0.04
201701,Poland,1968.0,799.0,1352.0,79.9,89.5,0.1
201702,Poland,1657.0,799.0,1352.0,79.9,89.5,0.15
201703,Poland,2290.0,799.0,1352.0,79.9,89.5,0.21
201704,Poland,1647.0,799.0,1352.0,82.0,89.9,0.28
201705,Poland,1921.0,799.0,1352.0,82.0,89.9,0.32
201706,Poland,2100.0,799.0,1352.0,82.0,89.9,0.35
201707,Poland,2010.0,799.0,1364.0,82.9,89.9,0.4
201708,Poland,2250.0,799.0,1364.0,82.9,89.9,0.43
201709,Poland,2250.0,799.0,1364.0,82.9,89.9,0.47
201710,Poland,2261.0,799.0,1364.0,84.5,91.3,0.52
201711,Poland,2175.0,799.0,1364.0,84.5,91.3,0.55
201712,Poland,1471.0,799.0,1364.0,84.5,91.3,0.6
201801,Poland,2059.0,826.0,1380.0,86.1,90.9,0.63
201802,Poland,2219.0,826.0,1380.0,86.1,90.9,0.66
201803,Poland,1987.0,826.0,1380.0,86.1,90.9,0.69
201804,Poland,1918.0,826.0,1380.0,87.2,91.7,0.7
201805,Poland,2198.0,826.0,1380.0,87.2,91.7,0.69
201806,Poland,2025.0,826.0,1380.0,87.2,91.7,0.69
201807,Poland,2177.0,826.0,1394.0,88.6,91.9,0.67
201808,Poland,2273.0,826.0,1394.0,88.6,91.9,0.62
201809,Poland,2275.0,826.0,1394.0,88.6,91.9,0.58
201810,Poland,2302.0,826.0,1394.0,90.2,92.6,0.55
201811,Poland,2355.0,826.0,1394.0,90.2,92.6,0.49
201812,Poland,1815.0,826.0,1394.0,90.2,92.6,0.45
201901,Poland,2487.0,875.0,1380.0,91.0,93.2,0.41
201902,Poland,2380.0,875.0,1380.0,91.0,93.2,0.36
201903,Poland,2365.0,875.0,1380.0,91.0,93.2,0.32
201904,Poland,2148.0,875.0,1380.0,93.2,94.5,0.26
201905,Poland,2246.0,875.0,1380.0,93.2,94.5,0.22
201906,Poland,2041.0,875.0,1380.0,93.2,94.5,0.16
201907,Poland,2421.0,875.0,1397.0,94.9,92.8,0.09
201908,Poland,2279.0,875.0,1397.0,94.9,92.8,0.04
201909,Poland,2511.0,875.0,1397.0,94.9,92.8,-0.01
201910,Poland,2643.0,875.0,1397.0,96.2,95.8,-0.07
201911,Poland,2162.0,875.0,1397.0,96.2,95.8,-0.09
201912,Poland,1532.0,875.0,1397.0,96.2,95.8,-0.12
202001,Poland,2322.0,991.0,1424.0,98.5,101.3,-0.16
202002,Poland,2442.0,991.0,1424.0,98.5,101.3,-0.18
202003,Poland,2057.0,991.0,1424.0,98.5,101.3,-0.22
202004,Poland,1479.0,991.0,1424.0,98.8,95.8,-0.27
202005,Poland,1631.0,991.0,1424.0,98.8,95.8,-0.27
202006,Poland,2258.0,991.0,1424.0,98.8,95.8,-0.3
202007,Poland,2228.0,991.0,1446.0,99.8,101.6,-0.34
202008,Poland,2163.0,991.0,1446.0,99.8,101.6,-0.33
202009,Poland,2754.0,991.0,1446.0,99.8,101.6,-0.36
202010,Poland,2246.0,991.0,1446.0,102.9,101.3,-0.35
202011,Poland,2090.0,991.0,1446.0,102.9,101.3,-0.32
202012,Poland,2055.0,991.0,1446.0,102.9,101.3,-0.3
202101,Poland,2073.0,1014.0,1459.0,104.0,98.5,-0.2
202102,Poland,2310.0,1014.0,1459.0,104.0,98.5,-0.13
202103,Poland,2023.0,1014.0,1459.0,104.0,98.5,-0.06
202104,Poland,2042.0,1014.0,1459.0,106.9,97.4,0.09
202105,Poland,1798.0,1014.0,1459.0,106.9,97.4,0.18
202106,Poland,2109.0,1014.0,1459.0,106.9,97.4,0.27
202107,Poland,2099.0,1014.0,1473.0,108.8,104.8,0.43
202108,Poland,2271.0,1014.0,1473.0,108.8,104.8,0.5
202109,Poland,2855.0,1014.0,1473.0,108.8,104.8,0.58
202110,Poland,2057.0,1014.0,1473.0,112.5,102.4,0.68
202111,Poland,2095.0,1014.0,1473.0,112.5,102.4,0.71
202112,Poland,1537.0,1014.0,1473.0,112.5,102.4,0.75
202201,Poland,1836.0,1036.0,1511.0,115.4,101.9,0.81
202202,Poland,1937.0,1036.0,1511.0,115.4,101.9,0.81
202203,Poland,2141.0,1036.0,1511.0,115.4,101.9,0.83
202204,Poland,1663.0,1036.0,1511.0,118.4,102.3,0.89
202205,Poland,2108.0,1036.0,1511.0,118.4,102.3,0.89
202206,Poland,2233.0,1036.0,1511.0,118.4,102.3,0.92
202207,Poland,2219.0,1036.0,1538.0,122.7,104.0,0.97
202208,Poland,2644.0,1036.0,1538.0,122.7,104.0,0.95
202209,Poland,3175.0,1036.0,1538.0,122.7,104.0,0.94
202210,Poland,2359.0,1036.0,1538.0,124.1,105.4,0.9
202211,Poland,2404.0,1036.0,1538.0,124.1,105.4,0.85
202212,Poland,1738.0,1036.0,1538.0,124.1,105.4,0.8
202301,Poland,2344.0,1127.0,1673.0,128.5,107.9,0.73
202302,Poland,2270.0,1127.0,1673.0,128.5,107.9,0.68
202303,Poland,2381.0,1127.0,1673.0,128.5,107.9,0.63
202304,Poland,1921.0,1127.0,1673.0,133.3,108.8,0.52
202305,Poland,2053.0,1127.0,1673.0,133.3,108.8,0.45
202306,Poland,2030.0,1127.0,1673.0,133.3,108.8,0.36
202307,Poland,2017.0,1163.0,1726.0,137.5,110.8,0.21
202308,Poland,2443.0,1163.0,1726.0,137.5,110.8,0.11
202309,Poland,2524.0,1163.0,1726.0,137.5,110.8,0.01
202310,Poland,2110.0,1163.0,1726.0,140.0,113.1,-0.11
202311,Poland,1895.0,1163.0,1726.0,140.0,113.1,-0.19
202312,Poland,1334.0,1163.0,1726.0,140.0,113.1,-0.26
202401,Poland,1885.0,1362.0,1799.0,146.9,114.1,-0.33
202402,Poland,2021.0,1362.0,1799.0,146.9,114.1,-0.36
202403,Poland,1849.0,1362.0,1799.0,146.9,114.1,-0.37
202404,Poland,1862.0,1362.0,1799.0,150.6,115.0,-0.4
202405,Poland,1800.0,1362.0,1799.0,150.6,115.0,-0.4
202406,Poland,1634.0,1362.0,1799.0,150.6,115.0,-0.4
202407,Poland,1909.0,1381.0,1855.0,154.6,116.8,-0.42
202408,Poland,1983.0,1381.0,1855.0,154.6,116.8,-0.4
202409,Poland,2137.0,1381.0,1855.0,154.6,116.8,-0.38
202410,Poland,2110.0,1381.0,1855.0,159.2,119.2,-0.37
202411,Poland,1707.0,1381.0,1855.0,159.2,119.2,-0.33
202412,Poland,1066.0,1381.0,1855.0,159.2,119.2,-0.3
202501,Poland,1667.0,1502.0,1898.0,162.1,120.9,-0.31
202502,Poland,1674.0,1502.0,1898.0,162.1,120.9,-0.31
202503,Poland,1651.0,1502.0,1898.0,162.1,120.9,-0.33
202504,Poland,1573.0,1502.0,1898.0,165.8,122.4,-0.38
202505,Poland,1405.0,1502.0,1898.0,165.8,122.4,-0.39
202506,Poland,1556.0,1502.0,1898.0,165.8,122.4,-0.42
202507,Poland,1545.0,1502.0,1944.0,167.1,122.9,-0.45
202508,Poland,1717.0,1502.0,1944.0,167.1,122.9,-0.44
202509,Poland,1992.0,1502.0,1944.0,167.1,122.9,-0.43
202510,Poland,1616.0,1502.0,1944.0,170.6,124.7,-0.45
202511,Poland,1542.0,1502.0,1944.0,170.6,124.7,-0.42
202512,Poland,1088.0,1502.0,1944.0,170.6,124.7,-0.4
