freq,purchase,unit,geo,time,value
Q,TOTAL,I15_Q,BG,2005-Q1,76.01
Q,TOTAL,I15_Q,BG,2005-Q2,79.26
Q,TOTAL,I15_Q,BG,2005-Q3,81.55
Q,TOTAL,I15_Q,BG,2005-Q4,83.52
Q,TOTAL,I15_Q,BG,2006-Q1,87.47
Q,TOTAL,I15_Q,BG,2006-Q2,88.91
Q,TOTAL,I15_Q,BG,2006-Q3,92.96
Q,TOTAL,I15_Q,BG,2006-Q4,98.09
Q,TOTAL,I15_Q,BG,2007-Q1,107.23
Q,TOTAL,I15_Q,BG,2007-Q2,112.97
Q,TOTAL,I15_Q,BG,2007-Q3,121.42
Q,TOTAL,I15_Q,BG,2007-Q4,132.06
Q,TOTAL,I15_Q,BG,2008-Q1,141.08
Q,TOTAL,I15_Q,BG,2008-Q2,149.36
Q,TOTAL,I15_Q,BG,2008-Q3,153.92
Q,TOTAL,I15_Q,BG,2008-Q4,147.53
Q,TOTAL,I15_Q,BG,2009-Q1,130.77
Q,TOTAL,I15_Q,BG,2009-Q2,118.17
Q,TOTAL,I15_Q,BG,2009-Q3,112.62
Q,TOTAL,I15_Q,BG,2009-Q4,109.58
Q,TOTAL,I15_Q,BG,2010-Q1,107.18
Q,TOTAL,I15_Q,BG,2010-Q2,106.52
Q,TOTAL,I15_Q,BG,2010-Q3,105.38
Q,TOTAL,I15_Q,BG,2010-Q4,104.15
Q,TOTAL,I15_Q,BG,2011-Q1,102.03
Q,TOTAL,I15_Q,BG,2011-Q2,100.23
Q,TOTAL,I15_Q,BG,2011-Q3,99.54
Q,TOTAL,I15_Q,BG,2011-Q4,98.1
Q,TOTAL,I15_Q,BG,2012-Q1,98.23
Q,TOTAL,I15_Q,BG,2012-Q2,98.67
Q,TOTAL,I15_Q,BG,2012-Q3,98.57
Q,TOTAL,I15_Q,BG,2012-Q4,96.82
Q,TOTAL,I15_Q,BG,2013-Q1,96.0
Q,TOTAL,I15_Q,BG,2013-Q2,96.48
Q,TOTAL,I15_Q,BG,2013-Q3,95.52
Q,TOTAL,I15_Q,BG,2013-Q4,95.66
Q,TOTAL,I15_Q,BG,2014-Q1,96.66
Q,TOTAL,I15_Q,BG,2014-Q2,96.97
Q,TOTAL,I15_Q,BG,2014-Q3,97.21
Q,TOTAL,I15_Q,BG,2014-Q4,98.32
Q,TOTAL,I15_Q,BG,2015-Q1,98.85
Q,TOTAL,I15_Q,BG,2015-Q2,99.71
Q,TOTAL,I15_Q,BG,2015-Q3,99.21
Q,TOTAL,I15_Q,BG,2015-Q4,102.23
Q,TOTAL,I15_Q,BG,2016-Q1,103.38
Q,TOTAL,I15_Q,BG,2016-Q2,106.24
Q,TOTAL,I15_Q,BG,2016-Q3,107.94
Q,TOTAL,I15_Q,BG,2016-Q4,110.52
Q,TOTAL,I15_Q,BG,2017-Q1,112.66
Q,TOTAL,I15_Q,BG,2017-Q2,115.37
Q,TOTAL,I15_Q,BG,2017-Q3,117.62
Q,TOTAL,I15_Q,BG,2017-Q4,119.53
Q,TOTAL,I15_Q,BG,2018-Q1,120.65
Q,TOTAL,I15_Q,BG,2018-Q2,124.03
Q,TOTAL,I15_Q,BG,2018-Q3,124.99
Q,TOTAL,I15_Q,BG,2018-Q4,126.15
Q,TOTAL,I15_Q,BG,2019-Q1,129.45
Q,TOTAL,I15_Q,BG,2019-Q2,130.26
Q,TOTAL,I15_Q,BG,2019-Q3,131.97
Q,TOTAL,I15_Q,BG,2019-Q4,133.99
Q,TOTAL,I15_Q,BG,2020-Q1,135.54
Q,TOTAL,I15_Q,BG,2020-Q2,134.07
Q,TOTAL,I15_Q,BG,2020-Q3,138.81
Q,TOTAL,I15_Q,BG,2020-Q4,141.23
Q,TOTAL,I15_Q,BG,2021-Q1,145.72
Q,TOTAL,I15_Q,BG,2021-Q2,146.23
Q,TOTAL,I15_Q,BG,2021-Q3,150.9
Q,TOTAL,I15_Q,BG,2021-Q4,154.48
Q,TOTAL,I15_Q,BG,2022-Q1,162.52
Q,TOTAL,I15_Q,BG,2022-Q2,167.58
Q,TOTAL,I15_Q,BG,2022-Q3,174.43
Q,TOTAL,I15_Q,BG,2022-Q4,175.14
Q,TOTAL,I15_Q,BG,2023-Q1,177.93
Q,TOTAL,I15_Q,BG,2023-Q2,185.5
Q,TOTAL,I15_Q,BG,2023-Q3,190.48
Q,TOTAL,I15_Q,BG,2023-Q4,192.78
Q,TOTAL,I15_Q,BG,2024-Q1,206.42
Q,TOTAL,I15_Q,BG,2024-Q2,213.53
Q,TOTAL,I15_Q,BG,2024-Q3,221.91
Q,TOTAL,I15_Q,BG,2024-Q4,228.0
Q,TOTAL,I15_Q,BG,2025-Q1,237.55
Q,TOTAL,I15_Q,BG,2025-Q2,246.65
Q,TOTAL,I15_Q,BG,2025-Q3,256.01
Q,TOTAL,I15_Q,BG,2025-Q4,256.71
Q,TOTAL,I15_Q,BG,2026-Q1,272.63
Q,TOTAL,I15_Q,NL,2005-Q1,104.59
Q,TOTAL,I15_Q,NL,2005-Q2,105.68
Q,TOTAL,I15_Q,NL,2005-Q3,107.22
Q,TOTAL,I15_Q,NL,2005-Q4,107.71
Q,TOTAL,I15_Q,NL,2006-Q1,108.87
Q,TOTAL,I15_Q,NL,2006-Q2,110.28
Q,TOTAL,I15_Q,NL,2006-Q3,111.55
Q,TOTAL,I15_Q,NL,2006-Q4,112.56
Q,TOTAL,I15_Q,NL,2007-Q1,114.02
Q,TOTAL,I15_Q,NL,2007-Q2,115.06
Q,TOTAL,I15_Q,NL,2007-Q3,117.27
Q,TOTAL,I15_Q,NL,2007-Q4,118.4
Q,TOTAL,I15_Q,NL,2008-Q1,118.46
Q,TOTAL,I15_Q,NL,2008-Q2,118.67
Q,TOTAL,I15_Q,NL,2008-Q3,120.17
Q,TOTAL,I15_Q,NL,2008-Q4,117.64
Q,TOTAL,I15_Q,NL,2009-Q1,116.48
Q,TOTAL,I15_Q,NL,2009-Q2,113.12
Q,TOTAL,I15_Q,NL,2009-Q3,112.14
Q,TOTAL,I15_Q,NL,2009-Q4,112.1
Q,TOTAL,I15_Q,NL,2010-Q1,111.67
Q,TOTAL,I15_Q,NL,2010-Q2,111.54
Q,TOTAL,I15_Q,NL,2010-Q3,111.68
Q,TOTAL,I15_Q,NL,2010-Q4,111.02
Q,TOTAL,I15_Q,NL,2011-Q1,111.19
Q,TOTAL,I15_Q,NL,2011-Q2,109.59
Q,TOTAL,I15_Q,NL,2011-Q3,109.17
Q,TOTAL,I15_Q,NL,2011-Q4,107.15
Q,TOTAL,I15_Q,NL,2012-Q1,105.19
Q,TOTAL,I15_Q,NL,2012-Q2,103.45
Q,TOTAL,I15_Q,NL,2012-Q3,99.39
Q,TOTAL,I15_Q,NL,2012-Q4,99.79
Q,TOTAL,I15_Q,NL,2013-Q1,97.07
Q,TOTAL,I15_Q,NL,2013-Q2,95.04
Q,TOTAL,I15_Q,NL,2013-Q3,95.69
Q,TOTAL,I15_Q,NL,2013-Q4,95.42
Q,TOTAL,I15_Q,NL,2014-Q1,95.82
Q,TOTAL,I15_Q,NL,2014-Q2,96.37
Q,TOTAL,I15_Q,NL,2014-Q3,96.94
Q,TOTAL,I15_Q,NL,2014-Q4,97.31
Q,TOTAL,I15_Q,NL,2015-Q1,98.29
Q,TOTAL,I15_Q,NL,2015-Q2,99.2
Q,TOTAL,I15_Q,NL,2015-Q3,101.02
Q,TOTAL,I15_Q,NL,2015-Q4,101.5
Q,TOTAL,I15_Q,NL,2016-Q1,102.52
Q,TOTAL,I15_Q,NL,2016-Q2,104.03
Q,TOTAL,I15_Q,NL,2016-Q3,106.58
Q,TOTAL,I15_Q,NL,2016-Q4,108.03
Q,TOTAL,I15_Q,NL,2017-Q1,110.2
Q,TOTAL,I15_Q,NL,2017-Q2,112.06
Q,TOTAL,I15_Q,NL,2017-Q3,115.22
Q,TOTAL,I15_Q,NL,2017-Q4,117.74
Q,TOTAL,I15_Q,NL,2018-Q1,120.32
Q,TOTAL,I15_Q,NL,2018-Q2,122.64
Q,TOTAL,I15_Q,NL,2018-Q3,126.45
Q,TOTAL,I15_Q,NL,2018-Q4,128.2
Q,TOTAL,I15_Q,NL,2019-Q1,130.34
Q,TOTAL,I15_Q,NL,2019-Q2,132.15
Q,TOTAL,I15_Q,NL,2019-Q3,134.49
Q,TOTAL,I15_Q,NL,2019-Q4,136.54
Q,TOTAL,I15_Q,NL,2020-Q1,139.3
Q,TOTAL,I15_Q,NL,2020-Q2,142.6
Q,TOTAL,I15_Q,NL,2020-Q3,146.0
Q,TOTAL,I15_Q,NL,2020-Q4,148.37
Q,TOTAL,I15_Q,NL,2021-Q1,153.72
Q,TOTAL,I15_Q,NL,2021-Q2,160.55
Q,TOTAL,I15_Q,NL,2021-Q3,169.59
Q,TOTAL,I15_Q,NL,2021-Q4,175.9
Q,TOTAL,I15_Q,NL,2022-Q1,182.94
Q,TOTAL,I15_Q,NL,2022-Q2,188.58
Q,TOTAL,I15_Q,NL,2022-Q3,189.95
Q,TOTAL,I15_Q,NL,2022-Q4,185.89
Q,TOTAL,I15_Q,NL,2023-Q1,183.14
Q,TOTAL,I15_Q,NL,2023-Q2,180.92
Q,TOTAL,I15_Q,NL,2023-Q3,182.91
Q,TOTAL,I15_Q,NL,2023-Q4,186.07
Q,TOTAL,I15_Q,NL,2024-Q1,189.87
Q,TOTAL,I15_Q,NL,2024-Q2,194.81
Q,TOTAL,I15_Q,NL,2024-Q3,201.98
Q,TOTAL,I15_Q,NL,2024-Q4,206.31
Q,TOTAL,I15_Q,NL,2025-Q1,210.27
Q,TOTAL,I15_Q,NL,2025-Q2,213.35
Q,TOTAL,I15_Q,NL,2025-Q3,217.95
Q,TOTAL,I15_Q,NL,2025-Q4,219.02
Q,TOTAL,I15_Q,NL,2026-Q1,221.14
Q,TOTAL,I15_Q,PL,2005-Q1,
Q,TOTAL,I15_Q,PL,2005-Q2,
Q,TOTAL,I15_Q,PL,2005-Q3,
Q,TOTAL,I15_Q,PL,2005-Q4,
Q,TOTAL,I15_Q,PL,2006-Q1,
Q,TOTAL,I15_Q,PL,2006-Q2,
Q,TOTAL,I15_Q,PL,2006-Q3,
Q,TOTAL,I15_Q,PL,2006-Q4,
Q,TOTAL,I15_Q,PL,2007-Q1,
Q,TOTAL,I15_Q,PL,2007-Q2,
Q,TOTAL,I15_Q,PL,2007-Q3,
Q,TOTAL,I15_Q,PL,2007-Q4,
Q,TOTAL,I15_Q,PL,2008-Q1,
Q,TOTAL,I15_Q,PL,2008-Q2,
Q,TOTAL,I15_Q,PL,2008-Q3,
Q,TOTAL,I15_Q,PL,2008-Q4,
Q,TOTAL,I15_Q,PL,2009-Q1,
Q,TOTAL,I15_Q,PL,2009-Q2,
Q,TOTAL,I15_Q,PL,2009-Q3,
Q,TOTAL,I15_Q,PL,2009-Q4,
Q,TOTAL,I15_Q,PL,2010-Q1,104.6
Q,TOTAL,I15_Q,PL,2010-Q2,105.87
Q,TOTAL,I15_Q,PL,2010-Q3,106.02
Q,TOTAL,I15_Q,PL,2010-Q4,105.95
Q,TOTAL,I15_Q,PL,2011-Q1,105.88
Q,TOTAL,I15_Q,PL,2011-Q2,106.57
Q,TOTAL,I15_Q,PL,2011-Q3,105.41
Q,TOTAL,I15_Q,PL,2011-Q4,104.92
Q,TOTAL,I15_Q,PL,2012-Q1,103.5
Q,TOTAL,I15_Q,PL,2012-Q2,102.82
Q,TOTAL,I15_Q,PL,2012-Q3,101.41
Q,TOTAL,I15_Q,PL,2012-Q4,100.29
Q,TOTAL,I15_Q,PL,2013-Q1,97.7
Q,TOTAL,I15_Q,PL,2013-Q2,97.52
Q,TOTAL,I15_Q,PL,2013-Q3,97.43
Q,TOTAL,I15_Q,PL,2013-Q4,97.49
Q,TOTAL,I15_Q,PL,2014-Q1,97.15
Q,TOTAL,I15_Q,PL,2014-Q2,99.3
Q,TOTAL,I15_Q,PL,2014-Q3,98.66
Q,TOTAL,I15_Q,PL,2014-Q4,98.89
Q,TOTAL,I15_Q,PL,2015-Q1,99.06
Q,TOTAL,I15_Q,PL,2015-Q2,100.43
Q,TOTAL,I15_Q,PL,2015-Q3,100.63
Q,TOTAL,I15_Q,PL,2015-Q4,99.88
Q,TOTAL,I15_Q,PL,2016-Q1,100.0
Q,TOTAL,I15_Q,PL,2016-Q2,100.84
Q,TOTAL,I15_Q,PL,2016-Q3,102.73
Q,TOTAL,I15_Q,PL,2016-Q4,103.86
Q,TOTAL,I15_Q,PL,2017-Q1,103.33
Q,TOTAL,I15_Q,PL,2017-Q2,105.44
Q,TOTAL,I15_Q,PL,2017-Q3,106.5
Q,TOTAL,I15_Q,PL,2017-Q4,107.86
Q,TOTAL,I15_Q,PL,2018-Q1,109.48
Q,TOTAL,I15_Q,PL,2018-Q2,111.95
Q,TOTAL,I15_Q,PL,2018-Q3,113.43
Q,TOTAL,I15_Q,PL,2018-Q4,116.11
Q,TOTAL,I15_Q,PL,2019-Q1,118.34
Q,TOTAL,I15_Q,PL,2019-Q2,121.1
Q,TOTAL,I15_Q,PL,2019-Q3,123.59
Q,TOTAL,I15_Q,PL,2019-Q4,127.06
Q,TOTAL,I15_Q,PL,2020-Q1,131.66
Q,TOTAL,I15_Q,PL,2020-Q2,134.31
Q,TOTAL,I15_Q,PL,2020-Q3,137.06
Q,TOTAL,I15_Q,PL,2020-Q4,138.42
Q,TOTAL,I15_Q,PL,2021-Q1,141.16
Q,TOTAL,I15_Q,PL,2021-Q2,145.5
Q,TOTAL,I15_Q,PL,2021-Q3,149.28
Q,TOTAL,I15_Q,PL,2021-Q4,155.15
Q,TOTAL,I15_Q,PL,2022-Q1,160.3
Q,TOTAL,I15_Q,PL,2022-Q2,163.5
Q,TOTAL,I15_Q,PL,2022-Q3,167.38
Q,TOTAL,I15_Q,PL,2022-Q4,169.64
Q,TOTAL,I15_Q,PL,2023-Q1,169.52
Q,TOTAL,I15_Q,PL,2023-Q2,175.0
Q,TOTAL,I15_Q,PL,2023-Q3,182.88
Q,TOTAL,I15_Q,PL,2023-Q4,191.72
Q,TOTAL,I15_Q,PL,2024-Q1,200.04
Q,TOTAL,I15_Q,PL,2024-Q2,205.92
Q,TOTAL,I15_Q,PL,2024-Q3,209.2
Q,TOTAL,I15_Q,PL,2024-Q4,211.65
Q,TOTAL,I15_Q,PL,2025-Q1,213.2
Q,TOTAL,I15_Q,PL,2025-Q2,215.65
Q,TOTAL,I15_Q,PL,2025-Q3,217.54
Q,TOTAL,I15_Q,PL,2025-Q4,220.82
Q,TOTAL,I15_Q,PL,2026-Q1,225.89
Q,TOTAL,I15_Q,RO,2005-Q1,
Q,TOTAL,I15_Q,RO,2005-Q2,
Q,TOTAL,I15_Q,RO,2005-Q3,
Q,TOTAL,I15_Q,RO,2005-Q4,
Q,TOTAL,I15_Q,RO,2006-Q1,
Q,TOTAL,I15_Q,RO,2006-Q2,
Q,TOTAL,I15_Q,RO,2006-Q3,
Q,TOTAL,I15_Q,RO,2006-Q4,
Q,TOTAL,I15_Q,RO,2007-Q1,
Q,TOTAL,I15_Q,RO,2007-Q2,
Q,TOTAL,I15_Q,RO,2007-Q3,
Q,TOTAL,I15_Q,RO,2007-Q4,
Q,TOTAL,I15_Q,RO,2008-Q1,
Q,TOTAL,I15_Q,RO,2008-Q2,
Q,TOTAL,I15_Q,RO,2008-Q3,
Q,TOTAL,I15_Q,RO,2008-Q4,
Q,TOTAL,I15_Q,RO,2009-Q1,132.7
Q,TOTAL,I15_Q,RO,2009-Q2,126.97
Q,TOTAL,I15_Q,RO,2009-Q3,126.51
Q,TOTAL,I15_Q,RO,2009-Q4,130.93
Q,TOTAL,I15_Q,RO,2010-Q1,123.93
Q,TOTAL,I15_Q,RO,2010-Q2,121.99
Q,TOTAL,I15_Q,RO,2010-Q3,117.48
Q,TOTAL,I15_Q,RO,2010-Q4,114.77
Q,TOTAL,I15_Q,RO,2011-Q1,110.14
Q,TOTAL,I15_Q,RO,2011-Q2,108.11
Q,TOTAL,I15_Q,RO,2011-Q3,102.31
Q,TOTAL,I15_Q,RO,2011-Q4,98.75
Q,TOTAL,I15_Q,RO,2012-Q1,101.74
Q,TOTAL,I15_Q,RO,2012-Q2,101.15
Q,TOTAL,I15_Q,RO,2012-Q3,97.44
Q,TOTAL,I15_Q,RO,2012-Q4,97.71
Q,TOTAL,I15_Q,RO,2013-Q1,100.99
Q,TOTAL,I15_Q,RO,2013-Q2,100.42
Q,TOTAL,I15_Q,RO,2013-Q3,98.04
Q,TOTAL,I15_Q,RO,2013-Q4,97.59
Q,TOTAL,I15_Q,RO,2014-Q1,98.37
Q,TOTAL,I15_Q,RO,2014-Q2,96.88
Q,TOTAL,I15_Q,RO,2014-Q3,96.01
Q,TOTAL,I15_Q,RO,2014-Q4,97.62
Q,TOTAL,I15_Q,RO,2015-Q1,101.01
Q,TOTAL,I15_Q,RO,2015-Q2,99.76
Q,TOTAL,I15_Q,RO,2015-Q3,98.87
Q,TOTAL,I15_Q,RO,2015-Q4,100.36
Q,TOTAL,I15_Q,RO,2016-Q1,103.65
Q,TOTAL,I15_Q,RO,2016-Q2,106.59
Q,TOTAL,I15_Q,RO,2016-Q3,105.86
Q,TOTAL,I15_Q,RO,2016-Q4,107.7
Q,TOTAL,I15_Q,RO,2017-Q1,108.96
Q,TOTAL,I15_Q,RO,2017-Q2,114.27
Q,TOTAL,I15_Q,RO,2017-Q3,112.44
Q,TOTAL,I15_Q,RO,2017-Q4,113.75
Q,TOTAL,I15_Q,RO,2018-Q1,116.1
Q,TOTAL,I15_Q,RO,2018-Q2,119.66
Q,TOTAL,I15_Q,RO,2018-Q3,118.88
Q,TOTAL,I15_Q,RO,2018-Q4,119.83
Q,TOTAL,I15_Q,RO,2019-Q1,119.91
Q,TOTAL,I15_Q,RO,2019-Q2,121.79
Q,TOTAL,I15_Q,RO,2019-Q3,123.57
Q,TOTAL,I15_Q,RO,2019-Q4,125.49
Q,TOTAL,I15_Q,RO,2020-Q1,129.62
Q,TOTAL,I15_Q,RO,2020-Q2,129.77
Q,TOTAL,I15_Q,RO,2020-Q3,126.38
Q,TOTAL,I15_Q,RO,2020-Q4,127.97
Q,TOTAL,I15_Q,RO,2021-Q1,131.45
Q,TOTAL,I15_Q,RO,2021-Q2,133.61
Q,TOTAL,I15_Q,RO,2021-Q3,133.78
Q,TOTAL,I15_Q,RO,2021-Q4,137.51
Q,TOTAL,I15_Q,RO,2022-Q1,139.82
Q,TOTAL,I15_Q,RO,2022-Q2,144.94
Q,TOTAL,I15_Q,RO,2022-Q3,143.2
Q,TOTAL,I15_Q,RO,2022-Q4,146.83
Q,TOTAL,I15_Q,RO,2023-Q1,146.28
Q,TOTAL,I15_Q,RO,2023-Q2,145.14
Q,TOTAL,I15_Q,RO,2023-Q3,150.02
Q,TOTAL,I15_Q,RO,2023-Q4,152.28
Q,TOTAL,I15_Q,RO,2024-Q1,154.26
Q,TOTAL,I15_Q,RO,2024-Q2,155.06
Q,TOTAL,I15_Q,RO,2024-Q3,155.86
Q,TOTAL,I15_Q,RO,2024-Q4,158.36
Q,TOTAL,I15_Q,RO,2025-Q1,161.75
Q,TOTAL,I15_Q,RO,2025-Q2,162.38
Q,TOTAL,I15_Q,RO,2025-Q3,166.14
Q,TOTAL,I15_Q,RO,2025-Q4,168.99
Q,TOTAL,I15_Q,RO,2026-Q1,174.41
