freq,s_adj,age,unit,sex,geo,time,value
M,SA,TOTAL,PC_ACT,T,BG,1995-01,
M,SA,TOTAL,PC_ACT,T,BG,1995-02,
M,SA,TOTAL,PC_ACT,T,BG,1995-03,
M,SA,TOTAL,PC_ACT,T,BG,1995-04,
M,SA,TOTAL,PC_ACT,T,BG,1995-05,
M,SA,TOTAL,PC_ACT,T,BG,1995-06,
M,SA,TOTAL,PC_ACT,T,BG,1995-07,
M,SA,TOTAL,PC_ACT,T,BG,1995-08,
M,SA,TOTAL,PC_ACT,T,BG,1995-09,
M,SA,TOTAL,PC_ACT,T,BG,1995-10,
M,SA,TOTAL,PC_ACT,T,BG,1995-11,
M,SA,TOTAL,PC_ACT,T,BG,1995-12,
M,SA,TOTAL,PC_ACT,T,BG,1996-01,
M,SA,TOTAL,PC_ACT,T,BG,1996-02,
M,SA,TOTAL,PC_ACT,T,BG,1996-03,
M,SA,TOTAL,PC_ACT,T,BG,1996-04,
M,SA,TOTAL,PC_ACT,T,BG,1996-05,
M,SA,TOTAL,PC_ACT,T,BG,1996-06,
M,SA,TOTAL,PC_ACT,T,BG,1996-07,
M,SA,TOTAL,PC_ACT,T,BG,1996-08,
M,SA,TOTAL,PC_ACT,T,BG,1996-09,
M,SA,TOTAL,PC_ACT,T,BG,1996-10,
M,SA,TOTAL,PC_ACT,T,BG,1996-11,
M,SA,TOTAL,PC_ACT,T,BG,1996-12,
M,SA,TOTAL,PC_ACT,T,BG,1997-01,
M,SA,TOTAL,PC_ACT,T,BG,1997-02,
M,SA,TOTAL,PC_ACT,T,BG,1997-03,
M,SA,TOTAL,PC_ACT,T,BG,1997-04,
M,SA,TOTAL,PC_ACT,T,BG,1997-05,
M,SA,TOTAL,PC_ACT,T,BG,1997-06,
M,SA,TOTAL,PC_ACT,T,BG,1997-07,
M,SA,TOTAL,PC_ACT,T,BG,1997-08,
M,SA,TOTAL,PC_ACT,T,BG,1997-09,
M,SA,TOTAL,PC_ACT,T,BG,1997-10,
M,SA,TOTAL,PC_ACT,T,BG,1997-11,
M,SA,TOTAL,PC_ACT,T,BG,1997-12,
M,SA,TOTAL,PC_ACT,T,BG,1998-01,
M,SA,TOTAL,PC_ACT,T,BG,1998-02,
M,SA,TOTAL,PC_ACT,T,BG,1998-03,
M,SA,TOTAL,PC_ACT,T,BG,1998-04,
M,SA,TOTAL,PC_ACT,T,BG,1998-05,
M,SA,TOTAL,PC_ACT,T,BG,1998-06,
M,SA,TOTAL,PC_ACT,T,BG,1998-07,
M,SA,TOTAL,PC_ACT,T,BG,1998-08,
M,SA,TOTAL,PC_ACT,T,BG,1998-09,
M,SA,TOTAL,PC_ACT,T,BG,1998-10,
M,SA,TOTAL,PC_ACT,T,BG,1998-11,
M,SA,TOTAL,PC_ACT,T,BG,1998-12,
M,SA,TOTAL,PC_ACT,T,BG,1999-01,
M,SA,TOTAL,PC_ACT,T,BG,1999-02,
M,SA,TOTAL,PC_ACT,T,BG,1999-03,
M,SA,TOTAL,PC_ACT,T,BG,1999-04,
M,SA,TOTAL,PC_ACT,T,BG,1999-05,
M,SA,TOTAL,PC_ACT,T,BG,1999-06,
M,SA,TOTAL,PC_ACT,T,BG,1999-07,
M,SA,TOTAL,PC_ACT,T,BG,1999-08,
M,SA,TOTAL,PC_ACT,T,BG,1999-09,
M,SA,TOTAL,PC_ACT,T,BG,1999-10,
M,SA,TOTAL,PC_ACT,T,BG,1999-11,
M,SA,TOTAL,PC_ACT,T,BG,1999-12,
M,SA,TOTAL,PC_ACT,T,BG,2000-01,14.3
M,SA,TOTAL,PC_ACT,T,BG,2000-02,14.7
M,SA,TOTAL,PC_ACT,T,BG,2000-03,15.2
M,SA,TOTAL,PC_ACT,T,BG,2000-04,15.7
M,SA,TOTAL,PC_ACT,T,BG,2000-05,16.0
M,SA,TOTAL,PC_ACT,T,BG,2000-06,16.3
M,SA,TOTAL,PC_ACT,T,BG,2000-07,16.8
M,SA,TOTAL,PC_ACT,T,BG,2000-08,17.2
M,SA,TOTAL,PC_ACT,T,BG,2000-09,17.5
M,SA,TOTAL,PC_ACT,T,BG,2000-10,17.7
M,SA,TOTAL,PC_ACT,T,BG,2000-11,17.9
M,SA,TOTAL,PC_ACT,T,BG,2000-12,18.1
M,SA,TOTAL,PC_ACT,T,BG,2001-01,18.5
M,SA,TOTAL,PC_ACT,T,BG,2001-02,18.8
M,SA,TOTAL,PC_ACT,T,BG,2001-03,19.2
M,SA,TOTAL,PC_ACT,T,BG,2001-04,19.9
M,SA,TOTAL,PC_ACT,T,BG,2001-05,20.1
M,SA,TOTAL,PC_ACT,T,BG,2001-06,20.1
M,SA,TOTAL,PC_ACT,T,BG,2001-07,20.0
M,SA,TOTAL,PC_ACT,T,BG,2001-08,19.9
M,SA,TOTAL,PC_ACT,T,BG,2001-09,19.8
M,SA,TOTAL,PC_ACT,T,BG,2001-10,19.7
M,SA,TOTAL,PC_ACT,T,BG,2001-11,19.9
M,SA,TOTAL,PC_ACT,T,BG,2001-12,19.8
M,SA,TOTAL,PC_ACT,T,BG,2002-01,19.4
M,SA,TOTAL,PC_ACT,T,BG,2002-02,19.3
M,SA,TOTAL,PC_ACT,T,BG,2002-03,18.9
M,SA,TOTAL,PC_ACT,T,BG,2002-04,18.7
M,SA,TOTAL,PC_ACT,T,BG,2002-05,18.5
M,SA,TOTAL,PC_ACT,T,BG,2002-06,18.3
M,SA,TOTAL,PC_ACT,T,BG,2002-07,18.3
M,SA,TOTAL,PC_ACT,T,BG,2002-08,18.3
M,SA,TOTAL,PC_ACT,T,BG,2002-09,18.1
M,SA,TOTAL,PC_ACT,T,BG,2002-10,17.8
M,SA,TOTAL,PC_ACT,T,BG,2002-11,16.9
M,SA,TOTAL,PC_ACT,T,BG,2002-12,15.9
M,SA,TOTAL,PC_ACT,T,BG,2003-01,15.6
M,SA,TOTAL,PC_ACT,T,BG,2003-02,14.9
M,SA,TOTAL,PC_ACT,T,BG,2003-03,14.6
M,SA,TOTAL,PC_ACT,T,BG,2003-04,14.3
M,SA,TOTAL,PC_ACT,T,BG,2003-05,14.2
M,SA,TOTAL,PC_ACT,T,BG,2003-06,13.9
M,SA,TOTAL,PC_ACT,T,BG,2003-07,13.6
M,SA,TOTAL,PC_ACT,T,BG,2003-08,13.3
M,SA,TOTAL,PC_ACT,T,BG,2003-09,13.0
M,SA,TOTAL,PC_ACT,T,BG,2003-10,12.7
M,SA,TOTAL,PC_ACT,T,BG,2003-11,12.7
M,SA,TOTAL,PC_ACT,T,BG,2003-12,12.7
M,SA,TOTAL,PC_ACT,T,BG,2004-01,12.8
M,SA,TOTAL,PC_ACT,T,BG,2004-02,12.8
M,SA,TOTAL,PC_ACT,T,BG,2004-03,12.7
M,SA,TOTAL,PC_ACT,T,BG,2004-04,12.6
M,SA,TOTAL,PC_ACT,T,BG,2004-05,12.3
M,SA,TOTAL,PC_ACT,T,BG,2004-06,12.0
M,SA,TOTAL,PC_ACT,T,BG,2004-07,11.6
M,SA,TOTAL,PC_ACT,T,BG,2004-08,11.5
M,SA,TOTAL,PC_ACT,T,BG,2004-09,11.5
M,SA,TOTAL,PC_ACT,T,BG,2004-10,11.8
M,SA,TOTAL,PC_ACT,T,BG,2004-11,11.7
M,SA,TOTAL,PC_ACT,T,BG,2004-12,11.5
M,SA,TOTAL,PC_ACT,T,BG,2005-01,11.2
M,SA,TOTAL,PC_ACT,T,BG,2005-02,10.9
M,SA,TOTAL,PC_ACT,T,BG,2005-03,10.6
M,SA,TOTAL,PC_ACT,T,BG,2005-04,10.4
M,SA,TOTAL,PC_ACT,T,BG,2005-05,10.1
M,SA,TOTAL,PC_ACT,T,BG,2005-06,9.9
M,SA,TOTAL,PC_ACT,T,BG,2005-07,9.7
M,SA,TOTAL,PC_ACT,T,BG,2005-08,9.7
M,SA,TOTAL,PC_ACT,T,BG,2005-09,9.7
M,SA,TOTAL,PC_ACT,T,BG,2005-10,9.9
M,SA,TOTAL,PC_ACT,T,BG,2005-11,9.8
M,SA,TOTAL,PC_ACT,T,BG,2005-12,9.7
M,SA,TOTAL,PC_ACT,T,BG,2006-01,9.5
M,SA,TOTAL,PC_ACT,T,BG,2006-02,9.2
M,SA,TOTAL,PC_ACT,T,BG,2006-03,9.1
M,SA,TOTAL,PC_ACT,T,BG,2006-04,9.0
M,SA,TOTAL,PC_ACT,T,BG,2006-05,9.1
M,SA,TOTAL,PC_ACT,T,BG,2006-06,9.2
M,SA,TOTAL,PC_ACT,T,BG,2006-07,9.3
M,SA,TOTAL,PC_ACT,T,BG,2006-08,9.3
M,SA,TOTAL,PC_ACT,T,BG,2006-09,9.0
M,SA,TOTAL,PC_ACT,T,BG,2006-10,8.6
M,SA,TOTAL,PC_ACT,T,BG,2006-11,8.5
M,SA,TOTAL,PC_ACT,T,BG,2006-12,8.2
M,SA,TOTAL,PC_ACT,T,BG,2007-01,7.9
M,SA,TOTAL,PC_ACT,T,BG,2007-02,7.5
M,SA,TOTAL,PC_ACT,T,BG,2007-03,7.3
M,SA,TOTAL,PC_ACT,T,BG,2007-04,7.1
M,SA,TOTAL,PC_ACT,T,BG,2007-05,7.0
M,SA,TOTAL,PC_ACT,T,BG,2007-06,6.9
M,SA,TOTAL,PC_ACT,T,BG,2007-07,7.0
M,SA,TOTAL,PC_ACT,T,BG,2007-08,6.9
M,SA,TOTAL,PC_ACT,T,BG,2007-09,6.7
M,SA,TOTAL,PC_ACT,T,BG,2007-10,6.4
M,SA,TOTAL,PC_ACT,T,BG,2007-11,6.1
M,SA,TOTAL,PC_ACT,T,BG,2007-12,6.1
M,SA,TOTAL,PC_ACT,T,BG,2008-01,6.1
M,SA,TOTAL,PC_ACT,T,BG,2008-02,6.1
M,SA,TOTAL,PC_ACT,T,BG,2008-03,5.9
M,SA,TOTAL,PC_ACT,T,BG,2008-04,5.9
M,SA,TOTAL,PC_ACT,T,BG,2008-05,5.9
M,SA,TOTAL,PC_ACT,T,BG,2008-06,5.7
M,SA,TOTAL,PC_ACT,T,BG,2008-07,5.6
M,SA,TOTAL,PC_ACT,T,BG,2008-08,5.5
M,SA,TOTAL,PC_ACT,T,BG,2008-09,5.3
M,SA,TOTAL,PC_ACT,T,BG,2008-10,5.1
M,SA,TOTAL,PC_ACT,T,BG,2008-11,5.0
M,SA,TOTAL,PC_ACT,T,BG,2008-12,5.3
M,SA,TOTAL,PC_ACT,T,BG,2009-01,6.9
M,SA,TOTAL,PC_ACT,T,BG,2009-02,7.0
M,SA,TOTAL,PC_ACT,T,BG,2009-03,7.1
M,SA,TOTAL,PC_ACT,T,BG,2009-04,7.2
M,SA,TOTAL,PC_ACT,T,BG,2009-05,7.4
M,SA,TOTAL,PC_ACT,T,BG,2009-06,7.7
M,SA,TOTAL,PC_ACT,T,BG,2009-07,8.1
M,SA,TOTAL,PC_ACT,T,BG,2009-08,8.4
M,SA,TOTAL,PC_ACT,T,BG,2009-09,8.6
M,SA,TOTAL,PC_ACT,T,BG,2009-10,8.7
M,SA,TOTAL,PC_ACT,T,BG,2009-11,9.0
M,SA,TOTAL,PC_ACT,T,BG,2009-12,9.5
M,SA,TOTAL,PC_ACT,T,BG,2010-01,10.2
M,SA,TOTAL,PC_ACT,T,BG,2010-02,10.7
M,SA,TOTAL,PC_ACT,T,BG,2010-03,10.8
M,SA,TOTAL,PC_ACT,T,BG,2010-04,11.0
M,SA,TOTAL,PC_ACT,T,BG,2010-05,11.0
M,SA,TOTAL,PC_ACT,T,BG,2010-06,11.1
M,SA,TOTAL,PC_ACT,T,BG,2010-07,11.1
M,SA,TOTAL,PC_ACT,T,BG,2010-08,11.3
M,SA,TOTAL,PC_ACT,T,BG,2010-09,11.7
M,SA,TOTAL,PC_ACT,T,BG,2010-10,12.1
M,SA,TOTAL,PC_ACT,T,BG,2010-11,12.5
M,SA,TOTAL,PC_ACT,T,BG,2010-12,12.6
M,SA,TOTAL,PC_ACT,T,BG,2011-01,12.7
M,SA,TOTAL,PC_ACT,T,BG,2011-02,12.5
M,SA,TOTAL,PC_ACT,T,BG,2011-03,12.3
M,SA,TOTAL,PC_ACT,T,BG,2011-04,12.2
M,SA,TOTAL,PC_ACT,T,BG,2011-05,12.2
M,SA,TOTAL,PC_ACT,T,BG,2011-06,12.1
M,SA,TOTAL,PC_ACT,T,BG,2011-07,12.0
M,SA,TOTAL,PC_ACT,T,BG,2011-08,12.1
M,SA,TOTAL,PC_ACT,T,BG,2011-09,12.1
M,SA,TOTAL,PC_ACT,T,BG,2011-10,12.2
M,SA,TOTAL,PC_ACT,T,BG,2011-11,12.5
M,SA,TOTAL,PC_ACT,T,BG,2011-12,12.9
M,SA,TOTAL,PC_ACT,T,BG,2012-01,13.1
M,SA,TOTAL,PC_ACT,T,BG,2012-02,13.2
M,SA,TOTAL,PC_ACT,T,BG,2012-03,13.2
M,SA,TOTAL,PC_ACT,T,BG,2012-04,13.2
M,SA,TOTAL,PC_ACT,T,BG,2012-05,13.2
M,SA,TOTAL,PC_ACT,T,BG,2012-06,13.3
M,SA,TOTAL,PC_ACT,T,BG,2012-07,13.4
M,SA,TOTAL,PC_ACT,T,BG,2012-08,13.2
M,SA,TOTAL,PC_ACT,T,BG,2012-09,13.2
M,SA,TOTAL,PC_ACT,T,BG,2012-10,13.3
M,SA,TOTAL,PC_ACT,T,BG,2012-11,13.5
M,SA,TOTAL,PC_ACT,T,BG,2012-12,13.6
M,SA,TOTAL,PC_ACT,T,BG,2013-01,14.0
M,SA,TOTAL,PC_ACT,T,BG,2013-02,14.1
M,SA,TOTAL,PC_ACT,T,BG,2013-03,14.2
M,SA,TOTAL,PC_ACT,T,BG,2013-04,14.1
M,SA,TOTAL,PC_ACT,T,BG,2013-05,13.8
M,SA,TOTAL,PC_ACT,T,BG,2013-06,13.7
M,SA,TOTAL,PC_ACT,T,BG,2013-07,13.6
M,SA,TOTAL,PC_ACT,T,BG,2013-08,13.6
M,SA,TOTAL,PC_ACT,T,BG,2013-09,13.7
M,SA,TOTAL,PC_ACT,T,BG,2013-10,14.1
M,SA,TOTAL,PC_ACT,T,BG,2013-11,14.1
M,SA,TOTAL,PC_ACT,T,BG,2013-12,14.1
M,SA,TOTAL,PC_ACT,T,BG,2014-01,13.8
M,SA,TOTAL,PC_ACT,T,BG,2014-02,13.3
M,SA,TOTAL,PC_ACT,T,BG,2014-03,13.0
M,SA,TOTAL,PC_ACT,T,BG,2014-04,12.5
M,SA,TOTAL,PC_ACT,T,BG,2014-05,12.2
M,SA,TOTAL,PC_ACT,T,BG,2014-06,12.1
M,SA,TOTAL,PC_ACT,T,BG,2014-07,12.3
M,SA,TOTAL,PC_ACT,T,BG,2014-08,12.3
M,SA,TOTAL,PC_ACT,T,BG,2014-09,12.4
M,SA,TOTAL,PC_ACT,T,BG,2014-10,12.1
M,SA,TOTAL,PC_ACT,T,BG,2014-11,11.7
M,SA,TOTAL,PC_ACT,T,BG,2014-12,11.3
M,SA,TOTAL,PC_ACT,T,BG,2015-01,11.1
M,SA,TOTAL,PC_ACT,T,BG,2015-02,10.9
M,SA,TOTAL,PC_ACT,T,BG,2015-03,11.0
M,SA,TOTAL,PC_ACT,T,BG,2015-04,11.0
M,SA,TOTAL,PC_ACT,T,BG,2015-05,10.8
M,SA,TOTAL,PC_ACT,T,BG,2015-06,10.5
M,SA,TOTAL,PC_ACT,T,BG,2015-07,10.1
M,SA,TOTAL,PC_ACT,T,BG,2015-08,9.8
M,SA,TOTAL,PC_ACT,T,BG,2015-09,9.4
M,SA,TOTAL,PC_ACT,T,BG,2015-10,9.1
M,SA,TOTAL,PC_ACT,T,BG,2015-11,9.0
M,SA,TOTAL,PC_ACT,T,BG,2015-12,9.0
M,SA,TOTAL,PC_ACT,T,BG,2016-01,9.0
M,SA,TOTAL,PC_ACT,T,BG,2016-02,9.1
M,SA,TOTAL,PC_ACT,T,BG,2016-03,9.1
M,SA,TOTAL,PC_ACT,T,BG,2016-04,9.0
M,SA,TOTAL,PC_ACT,T,BG,2016-05,8.9
M,SA,TOTAL,PC_ACT,T,BG,2016-06,8.8
M,SA,TOTAL,PC_ACT,T,BG,2016-07,8.6
M,SA,TOTAL,PC_ACT,T,BG,2016-08,8.4
M,SA,TOTAL,PC_ACT,T,BG,2016-09,8.3
M,SA,TOTAL,PC_ACT,T,BG,2016-10,8.1
M,SA,TOTAL,PC_ACT,T,BG,2016-11,7.8
M,SA,TOTAL,PC_ACT,T,BG,2016-12,7.6
M,SA,TOTAL,PC_ACT,T,BG,2017-01,7.5
M,SA,TOTAL,PC_ACT,T,BG,2017-02,7.5
M,SA,TOTAL,PC_ACT,T,BG,2017-03,7.3
M,SA,TOTAL,PC_ACT,T,BG,2017-04,7.2
M,SA,TOTAL,PC_ACT,T,BG,2017-05,7.1
M,SA,TOTAL,PC_ACT,T,BG,2017-06,7.2
M,SA,TOTAL,PC_ACT,T,BG,2017-07,7.3
M,SA,TOTAL,PC_ACT,T,BG,2017-08,7.3
M,SA,TOTAL,PC_ACT,T,BG,2017-09,7.1
M,SA,TOTAL,PC_ACT,T,BG,2017-10,6.9
M,SA,TOTAL,PC_ACT,T,BG,2017-11,6.8
M,SA,TOTAL,PC_ACT,T,BG,2017-12,6.6
M,SA,TOTAL,PC_ACT,T,BG,2018-01,6.4
M,SA,TOTAL,PC_ACT,T,BG,2018-02,6.3
M,SA,TOTAL,PC_ACT,T,BG,2018-03,6.3
M,SA,TOTAL,PC_ACT,T,BG,2018-04,6.3
M,SA,TOTAL,PC_ACT,T,BG,2018-05,6.3
M,SA,TOTAL,PC_ACT,T,BG,2018-06,6.3
M,SA,TOTAL,PC_ACT,T,BG,2018-07,6.4
M,SA,TOTAL,PC_ACT,T,BG,2018-08,6.4
M,SA,TOTAL,PC_ACT,T,BG,2018-09,6.2
M,SA,TOTAL,PC_ACT,T,BG,2018-10,6.0
M,SA,TOTAL,PC_ACT,T,BG,2018-11,5.7
M,SA,TOTAL,PC_ACT,T,BG,2018-12,5.6
M,SA,TOTAL,PC_ACT,T,BG,2019-01,5.7
M,SA,TOTAL,PC_ACT,T,BG,2019-02,5.6
M,SA,TOTAL,PC_ACT,T,BG,2019-03,5.4
M,SA,TOTAL,PC_ACT,T,BG,2019-04,5.1
M,SA,TOTAL,PC_ACT,T,BG,2019-05,4.9
M,SA,TOTAL,PC_ACT,T,BG,2019-06,5.0
M,SA,TOTAL,PC_ACT,T,BG,2019-07,5.0
M,SA,TOTAL,PC_ACT,T,BG,2019-08,5.0
M,SA,TOTAL,PC_ACT,T,BG,2019-09,5.0
M,SA,TOTAL,PC_ACT,T,BG,2019-10,5.1
M,SA,TOTAL,PC_ACT,T,BG,2019-11,5.2
M,SA,TOTAL,PC_ACT,T,BG,2019-12,5.2
M,SA,TOTAL,PC_ACT,T,BG,2020-01,5.2
M,SA,TOTAL,PC_ACT,T,BG,2020-02,5.0
M,SA,TOTAL,PC_ACT,T,BG,2020-03,5.2
M,SA,TOTAL,PC_ACT,T,BG,2020-04,6.7
M,SA,TOTAL,PC_ACT,T,BG,2020-05,6.7
M,SA,TOTAL,PC_ACT,T,BG,2020-06,6.4
M,SA,TOTAL,PC_ACT,T,BG,2020-07,6.1
M,SA,TOTAL,PC_ACT,T,BG,2020-08,6.1
M,SA,TOTAL,PC_ACT,T,BG,2020-09,6.3
M,SA,TOTAL,PC_ACT,T,BG,2020-10,6.4
M,SA,TOTAL,PC_ACT,T,BG,2020-11,6.3
M,SA,TOTAL,PC_ACT,T,BG,2020-12,6.2
M,SA,TOTAL,PC_ACT,T,BG,2021-01,6.0
M,SA,TOTAL,PC_ACT,T,BG,2021-02,5.9
M,SA,TOTAL,PC_ACT,T,BG,2021-03,5.7
M,SA,TOTAL,PC_ACT,T,BG,2021-04,5.6
M,SA,TOTAL,PC_ACT,T,BG,2021-05,5.4
M,SA,TOTAL,PC_ACT,T,BG,2021-06,5.2
M,SA,TOTAL,PC_ACT,T,BG,2021-07,5.0
M,SA,TOTAL,PC_ACT,T,BG,2021-08,4.9
M,SA,TOTAL,PC_ACT,T,BG,2021-09,4.8
M,SA,TOTAL,PC_ACT,T,BG,2021-10,4.6
M,SA,TOTAL,PC_ACT,T,BG,2021-11,4.6
M,SA,TOTAL,PC_ACT,T,BG,2021-12,4.5
M,SA,TOTAL,PC_ACT,T,BG,2022-01,4.4
M,SA,TOTAL,PC_ACT,T,BG,2022-02,4.4
M,SA,TOTAL,PC_ACT,T,BG,2022-03,4.4
M,SA,TOTAL,PC_ACT,T,BG,2022-04,4.4
M,SA,TOTAL,PC_ACT,T,BG,2022-05,4.5
M,SA,TOTAL,PC_ACT,T,BG,2022-06,4.3
M,SA,TOTAL,PC_ACT,T,BG,2022-07,4.0
M,SA,TOTAL,PC_ACT,T,BG,2022-08,3.9
M,SA,TOTAL,PC_ACT,T,BG,2022-09,3.9
M,SA,TOTAL,PC_ACT,T,BG,2022-10,3.8
M,SA,TOTAL,PC_ACT,T,BG,2022-11,3.8
M,SA,TOTAL,PC_ACT,T,BG,2022-12,4.0
M,SA,TOTAL,PC_ACT,T,BG,2023-01,4.0
M,SA,TOTAL,PC_ACT,T,BG,2023-02,4.1
M,SA,TOTAL,PC_ACT,T,BG,2023-03,4.2
M,SA,TOTAL,PC_ACT,T,BG,2023-04,4.4
M,SA,TOTAL,PC_ACT,T,BG,2023-05,4.5
M,SA,TOTAL,PC_ACT,T,BG,2023-06,4.5
M,SA,TOTAL,PC_ACT,T,BG,2023-07,4.5
M,SA,TOTAL,PC_ACT,T,BG,2023-08,4.4
M,SA,TOTAL,PC_ACT,T,BG,2023-09,4.4
M,SA,TOTAL,PC_ACT,T,BG,2023-10,4.3
M,SA,TOTAL,PC_ACT,T,BG,2023-11,4.3
M,SA,TOTAL,PC_ACT,T,BG,2023-12,4.4
M,SA,TOTAL,PC_ACT,T,BG,2024-01,4.7
M,SA,TOTAL,PC_ACT,T,BG,2024-02,4.7
M,SA,TOTAL,PC_ACT,T,BG,2024-03,4.6
M,SA,TOTAL,PC_ACT,T,BG,2024-04,4.3
M,SA,TOTAL,PC_ACT,T,BG,2024-05,4.1
M,SA,TOTAL,PC_ACT,T,BG,2024-06,4.0
M,SA,TOTAL,PC_ACT,T,BG,2024-07,3.9
M,SA,TOTAL,PC_ACT,T,BG,2024-08,3.9
M,SA,TOTAL,PC_ACT,T,BG,2024-09,4.0
M,SA,TOTAL,PC_ACT,T,BG,2024-10,4.0
M,SA,TOTAL,PC_ACT,T,BG,2024-11,4.0
M,SA,TOTAL,PC_ACT,T,BG,2024-12,3.8
M,SA,TOTAL,PC_ACT,T,BG,2025-01,3.7
M,SA,TOTAL,PC_ACT,T,BG,2025-02,3.5
M,SA,TOTAL,PC_ACT,T,BG,2025-03,3.5
M,SA,TOTAL,PC_ACT,T,BG,2025-04,3.4
M,SA,TOTAL,PC_ACT,T,BG,2025-05,3.5
M,SA,TOTAL,PC_ACT,T,BG,2025-06,3.6
M,SA,TOTAL,PC_ACT,T,BG,2025-07,3.8
M,SA,TOTAL,PC_ACT,T,BG,2025-08,3.8
M,SA,TOTAL,PC_ACT,T,BG,2025-09,3.6
M,SA,TOTAL,PC_ACT,T,BG,2025-10,3.4
M,SA,TOTAL,PC_ACT,T,BG,2025-11,3.3
M,SA,TOTAL,PC_ACT,T,BG,2025-12,3.1
M,SA,TOTAL,PC_ACT,T,BG,2026-01,3.0
M,SA,TOTAL,PC_ACT,T,BG,2026-02,3.0
M,SA,TOTAL,PC_ACT,T,BG,2026-03,2.9
M,SA,TOTAL,PC_ACT,T,BG,2026-04,2.9
M,SA,TOTAL,PC_ACT,T,BG,2026-05,2.9
M,SA,TOTAL,PC_ACT,T,BG,2026-06,3.0
M,SA,TOTAL,PC_ACT,T,BG,2026-07,
M,SA,TOTAL,PC_ACT,T,NL,1995-01,8.0
M,SA,TOTAL,PC_ACT,T,NL,1995-02,8.1
M,SA,TOTAL,PC_ACT,T,NL,1995-03,8.2
M,SA,TOTAL,PC_ACT,T,NL,1995-04,8.3
M,SA,TOTAL,PC_ACT,T,NL,1995-05,8.4
M,SA,TOTAL,PC_ACT,T,NL,1995-06,8.4
M,SA,TOTAL,PC_ACT,T,NL,1995-07,8.4
M,SA,TOTAL,PC_ACT,T,NL,1995-08,8.4
M,SA,TOTAL,PC_ACT,T,NL,1995-09,8.4
M,SA,TOTAL,PC_ACT,T,NL,1995-10,8.4
M,SA,TOTAL,PC_ACT,T,NL,1995-11,8.3
M,SA,TOTAL,PC_ACT,T,NL,1995-12,8.3
M,SA,TOTAL,PC_ACT,T,NL,1996-01,8.2
M,SA,TOTAL,PC_ACT,T,NL,1996-02,8.1
M,SA,TOTAL,PC_ACT,T,NL,1996-03,8.0
M,SA,TOTAL,PC_ACT,T,NL,1996-04,7.9
M,SA,TOTAL,PC_ACT,T,NL,1996-05,7.8
M,SA,TOTAL,PC_ACT,T,NL,1996-06,7.7
M,SA,TOTAL,PC_ACT,T,NL,1996-07,7.6
M,SA,TOTAL,PC_ACT,T,NL,1996-08,7.5
M,SA,TOTAL,PC_ACT,T,NL,1996-09,7.4
M,SA,TOTAL,PC_ACT,T,NL,1996-10,7.3
M,SA,TOTAL,PC_ACT,T,NL,1996-11,7.2
M,SA,TOTAL,PC_ACT,T,NL,1996-12,7.1
M,SA,TOTAL,PC_ACT,T,NL,1997-01,7.0
M,SA,TOTAL,PC_ACT,T,NL,1997-02,6.9
M,SA,TOTAL,PC_ACT,T,NL,1997-03,6.8
M,SA,TOTAL,PC_ACT,T,NL,1997-04,6.7
M,SA,TOTAL,PC_ACT,T,NL,1997-05,6.6
M,SA,TOTAL,PC_ACT,T,NL,1997-06,6.5
M,SA,TOTAL,PC_ACT,T,NL,1997-07,6.4
M,SA,TOTAL,PC_ACT,T,NL,1997-08,6.3
M,SA,TOTAL,PC_ACT,T,NL,1997-09,6.2
M,SA,TOTAL,PC_ACT,T,NL,1997-10,6.1
M,SA,TOTAL,PC_ACT,T,NL,1997-11,5.9
M,SA,TOTAL,PC_ACT,T,NL,1997-12,5.8
M,SA,TOTAL,PC_ACT,T,NL,1998-01,5.7
M,SA,TOTAL,PC_ACT,T,NL,1998-02,5.6
M,SA,TOTAL,PC_ACT,T,NL,1998-03,5.5
M,SA,TOTAL,PC_ACT,T,NL,1998-04,5.4
M,SA,TOTAL,PC_ACT,T,NL,1998-05,5.3
M,SA,TOTAL,PC_ACT,T,NL,1998-06,5.2
M,SA,TOTAL,PC_ACT,T,NL,1998-07,5.1
M,SA,TOTAL,PC_ACT,T,NL,1998-08,5.0
M,SA,TOTAL,PC_ACT,T,NL,1998-09,4.9
M,SA,TOTAL,PC_ACT,T,NL,1998-10,4.8
M,SA,TOTAL,PC_ACT,T,NL,1998-11,4.7
M,SA,TOTAL,PC_ACT,T,NL,1998-12,4.6
M,SA,TOTAL,PC_ACT,T,NL,1999-01,4.6
M,SA,TOTAL,PC_ACT,T,NL,1999-02,4.5
M,SA,TOTAL,PC_ACT,T,NL,1999-03,4.4
M,SA,TOTAL,PC_ACT,T,NL,1999-04,4.4
M,SA,TOTAL,PC_ACT,T,NL,1999-05,4.3
M,SA,TOTAL,PC_ACT,T,NL,1999-06,4.3
M,SA,TOTAL,PC_ACT,T,NL,1999-07,4.2
M,SA,TOTAL,PC_ACT,T,NL,1999-08,4.2
M,SA,TOTAL,PC_ACT,T,NL,1999-09,4.1
M,SA,TOTAL,PC_ACT,T,NL,1999-10,4.1
M,SA,TOTAL,PC_ACT,T,NL,1999-11,4.0
M,SA,TOTAL,PC_ACT,T,NL,1999-12,4.0
M,SA,TOTAL,PC_ACT,T,NL,2000-01,3.9
M,SA,TOTAL,PC_ACT,T,NL,2000-02,3.9
M,SA,TOTAL,PC_ACT,T,NL,2000-03,3.8
M,SA,TOTAL,PC_ACT,T,NL,2000-04,3.8
M,SA,TOTAL,PC_ACT,T,NL,2000-05,3.7
M,SA,TOTAL,PC_ACT,T,NL,2000-06,3.7
M,SA,TOTAL,PC_ACT,T,NL,2000-07,3.6
M,SA,TOTAL,PC_ACT,T,NL,2000-08,3.6
M,SA,TOTAL,PC_ACT,T,NL,2000-09,3.5
M,SA,TOTAL,PC_ACT,T,NL,2000-10,3.4
M,SA,TOTAL,PC_ACT,T,NL,2000-11,3.4
M,SA,TOTAL,PC_ACT,T,NL,2000-12,3.3
M,SA,TOTAL,PC_ACT,T,NL,2001-01,3.2
M,SA,TOTAL,PC_ACT,T,NL,2001-02,3.2
M,SA,TOTAL,PC_ACT,T,NL,2001-03,3.2
M,SA,TOTAL,PC_ACT,T,NL,2001-04,3.1
M,SA,TOTAL,PC_ACT,T,NL,2001-05,3.1
M,SA,TOTAL,PC_ACT,T,NL,2001-06,3.1
M,SA,TOTAL,PC_ACT,T,NL,2001-07,3.1
M,SA,TOTAL,PC_ACT,T,NL,2001-08,3.1
M,SA,TOTAL,PC_ACT,T,NL,2001-09,3.1
M,SA,TOTAL,PC_ACT,T,NL,2001-10,3.1
M,SA,TOTAL,PC_ACT,T,NL,2001-11,3.1
M,SA,TOTAL,PC_ACT,T,NL,2001-12,3.2
M,SA,TOTAL,PC_ACT,T,NL,2002-01,3.2
M,SA,TOTAL,PC_ACT,T,NL,2002-02,3.3
M,SA,TOTAL,PC_ACT,T,NL,2002-03,3.4
M,SA,TOTAL,PC_ACT,T,NL,2002-04,3.4
M,SA,TOTAL,PC_ACT,T,NL,2002-05,3.5
M,SA,TOTAL,PC_ACT,T,NL,2002-06,3.6
M,SA,TOTAL,PC_ACT,T,NL,2002-07,3.7
M,SA,TOTAL,PC_ACT,T,NL,2002-08,3.8
M,SA,TOTAL,PC_ACT,T,NL,2002-09,3.9
M,SA,TOTAL,PC_ACT,T,NL,2002-10,4.0
M,SA,TOTAL,PC_ACT,T,NL,2002-11,4.1
M,SA,TOTAL,PC_ACT,T,NL,2002-12,4.2
M,SA,TOTAL,PC_ACT,T,NL,2003-01,5.3
M,SA,TOTAL,PC_ACT,T,NL,2003-02,5.4
M,SA,TOTAL,PC_ACT,T,NL,2003-03,5.6
M,SA,TOTAL,PC_ACT,T,NL,2003-04,5.7
M,SA,TOTAL,PC_ACT,T,NL,2003-05,5.8
M,SA,TOTAL,PC_ACT,T,NL,2003-06,5.9
M,SA,TOTAL,PC_ACT,T,NL,2003-07,6.0
M,SA,TOTAL,PC_ACT,T,NL,2003-08,6.1
M,SA,TOTAL,PC_ACT,T,NL,2003-09,6.2
M,SA,TOTAL,PC_ACT,T,NL,2003-10,6.2
M,SA,TOTAL,PC_ACT,T,NL,2003-11,6.4
M,SA,TOTAL,PC_ACT,T,NL,2003-12,6.5
M,SA,TOTAL,PC_ACT,T,NL,2004-01,6.5
M,SA,TOTAL,PC_ACT,T,NL,2004-02,6.6
M,SA,TOTAL,PC_ACT,T,NL,2004-03,6.7
M,SA,TOTAL,PC_ACT,T,NL,2004-04,6.9
M,SA,TOTAL,PC_ACT,T,NL,2004-05,7.0
M,SA,TOTAL,PC_ACT,T,NL,2004-06,6.9
M,SA,TOTAL,PC_ACT,T,NL,2004-07,6.8
M,SA,TOTAL,PC_ACT,T,NL,2004-08,6.7
M,SA,TOTAL,PC_ACT,T,NL,2004-09,6.7
M,SA,TOTAL,PC_ACT,T,NL,2004-10,6.8
M,SA,TOTAL,PC_ACT,T,NL,2004-11,6.8
M,SA,TOTAL,PC_ACT,T,NL,2004-12,7.0
M,SA,TOTAL,PC_ACT,T,NL,2005-01,7.0
M,SA,TOTAL,PC_ACT,T,NL,2005-02,7.2
M,SA,TOTAL,PC_ACT,T,NL,2005-03,7.1
M,SA,TOTAL,PC_ACT,T,NL,2005-04,7.1
M,SA,TOTAL,PC_ACT,T,NL,2005-05,7.2
M,SA,TOTAL,PC_ACT,T,NL,2005-06,7.0
M,SA,TOTAL,PC_ACT,T,NL,2005-07,7.0
M,SA,TOTAL,PC_ACT,T,NL,2005-08,6.9
M,SA,TOTAL,PC_ACT,T,NL,2005-09,6.9
M,SA,TOTAL,PC_ACT,T,NL,2005-10,6.9
M,SA,TOTAL,PC_ACT,T,NL,2005-11,6.8
M,SA,TOTAL,PC_ACT,T,NL,2005-12,6.8
M,SA,TOTAL,PC_ACT,T,NL,2006-01,6.5
M,SA,TOTAL,PC_ACT,T,NL,2006-02,6.5
M,SA,TOTAL,PC_ACT,T,NL,2006-03,6.3
M,SA,TOTAL,PC_ACT,T,NL,2006-04,6.2
M,SA,TOTAL,PC_ACT,T,NL,2006-05,6.2
M,SA,TOTAL,PC_ACT,T,NL,2006-06,6.0
M,SA,TOTAL,PC_ACT,T,NL,2006-07,6.0
M,SA,TOTAL,PC_ACT,T,NL,2006-08,5.9
M,SA,TOTAL,PC_ACT,T,NL,2006-09,5.9
M,SA,TOTAL,PC_ACT,T,NL,2006-10,5.9
M,SA,TOTAL,PC_ACT,T,NL,2006-11,5.9
M,SA,TOTAL,PC_ACT,T,NL,2006-12,5.8
M,SA,TOTAL,PC_ACT,T,NL,2007-01,5.7
M,SA,TOTAL,PC_ACT,T,NL,2007-02,5.7
M,SA,TOTAL,PC_ACT,T,NL,2007-03,5.5
M,SA,TOTAL,PC_ACT,T,NL,2007-04,5.3
M,SA,TOTAL,PC_ACT,T,NL,2007-05,5.3
M,SA,TOTAL,PC_ACT,T,NL,2007-06,5.2
M,SA,TOTAL,PC_ACT,T,NL,2007-07,5.3
M,SA,TOTAL,PC_ACT,T,NL,2007-08,5.2
M,SA,TOTAL,PC_ACT,T,NL,2007-09,5.2
M,SA,TOTAL,PC_ACT,T,NL,2007-10,5.1
M,SA,TOTAL,PC_ACT,T,NL,2007-11,5.1
M,SA,TOTAL,PC_ACT,T,NL,2007-12,5.0
M,SA,TOTAL,PC_ACT,T,NL,2008-01,5.0
M,SA,TOTAL,PC_ACT,T,NL,2008-02,4.7
M,SA,TOTAL,PC_ACT,T,NL,2008-03,4.7
M,SA,TOTAL,PC_ACT,T,NL,2008-04,4.8
M,SA,TOTAL,PC_ACT,T,NL,2008-05,4.8
M,SA,TOTAL,PC_ACT,T,NL,2008-06,4.8
M,SA,TOTAL,PC_ACT,T,NL,2008-07,4.7
M,SA,TOTAL,PC_ACT,T,NL,2008-08,4.7
M,SA,TOTAL,PC_ACT,T,NL,2008-09,4.8
M,SA,TOTAL,PC_ACT,T,NL,2008-10,4.7
M,SA,TOTAL,PC_ACT,T,NL,2008-11,4.7
M,SA,TOTAL,PC_ACT,T,NL,2008-12,4.8
M,SA,TOTAL,PC_ACT,T,NL,2009-01,4.8
M,SA,TOTAL,PC_ACT,T,NL,2009-02,4.9
M,SA,TOTAL,PC_ACT,T,NL,2009-03,5.0
M,SA,TOTAL,PC_ACT,T,NL,2009-04,5.2
M,SA,TOTAL,PC_ACT,T,NL,2009-05,5.2
M,SA,TOTAL,PC_ACT,T,NL,2009-06,5.3
M,SA,TOTAL,PC_ACT,T,NL,2009-07,5.5
M,SA,TOTAL,PC_ACT,T,NL,2009-08,5.6
M,SA,TOTAL,PC_ACT,T,NL,2009-09,5.7
M,SA,TOTAL,PC_ACT,T,NL,2009-10,5.8
M,SA,TOTAL,PC_ACT,T,NL,2009-11,5.9
M,SA,TOTAL,PC_ACT,T,NL,2009-12,6.1
M,SA,TOTAL,PC_ACT,T,NL,2010-01,6.2
M,SA,TOTAL,PC_ACT,T,NL,2010-02,6.2
M,SA,TOTAL,PC_ACT,T,NL,2010-03,6.2
M,SA,TOTAL,PC_ACT,T,NL,2010-04,6.1
M,SA,TOTAL,PC_ACT,T,NL,2010-05,6.1
M,SA,TOTAL,PC_ACT,T,NL,2010-06,6.2
M,SA,TOTAL,PC_ACT,T,NL,2010-07,6.2
M,SA,TOTAL,PC_ACT,T,NL,2010-08,6.1
M,SA,TOTAL,PC_ACT,T,NL,2010-09,6.0
M,SA,TOTAL,PC_ACT,T,NL,2010-10,6.0
M,SA,TOTAL,PC_ACT,T,NL,2010-11,5.9
M,SA,TOTAL,PC_ACT,T,NL,2010-12,5.9
M,SA,TOTAL,PC_ACT,T,NL,2011-01,5.8
M,SA,TOTAL,PC_ACT,T,NL,2011-02,5.9
M,SA,TOTAL,PC_ACT,T,NL,2011-03,5.7
M,SA,TOTAL,PC_ACT,T,NL,2011-04,5.8
M,SA,TOTAL,PC_ACT,T,NL,2011-05,5.8
M,SA,TOTAL,PC_ACT,T,NL,2011-06,5.7
M,SA,TOTAL,PC_ACT,T,NL,2011-07,6.0
M,SA,TOTAL,PC_ACT,T,NL,2011-08,6.0
M,SA,TOTAL,PC_ACT,T,NL,2011-09,6.2
M,SA,TOTAL,PC_ACT,T,NL,2011-10,6.4
M,SA,TOTAL,PC_ACT,T,NL,2011-11,6.6
M,SA,TOTAL,PC_ACT,T,NL,2011-12,6.5
M,SA,TOTAL,PC_ACT,T,NL,2012-01,6.6
M,SA,TOTAL,PC_ACT,T,NL,2012-02,6.5
M,SA,TOTAL,PC_ACT,T,NL,2012-03,6.5
M,SA,TOTAL,PC_ACT,T,NL,2012-04,6.8
M,SA,TOTAL,PC_ACT,T,NL,2012-05,6.7
M,SA,TOTAL,PC_ACT,T,NL,2012-06,6.7
M,SA,TOTAL,PC_ACT,T,NL,2012-07,6.8
M,SA,TOTAL,PC_ACT,T,NL,2012-08,6.8
M,SA,TOTAL,PC_ACT,T,NL,2012-09,6.9
M,SA,TOTAL,PC_ACT,T,NL,2012-10,7.0
M,SA,TOTAL,PC_ACT,T,NL,2012-11,7.2
M,SA,TOTAL,PC_ACT,T,NL,2012-12,7.4
M,SA,TOTAL,PC_ACT,T,NL,2013-01,7.5
M,SA,TOTAL,PC_ACT,T,NL,2013-02,7.7
M,SA,TOTAL,PC_ACT,T,NL,2013-03,7.9
M,SA,TOTAL,PC_ACT,T,NL,2013-04,8.0
M,SA,TOTAL,PC_ACT,T,NL,2013-05,8.1
M,SA,TOTAL,PC_ACT,T,NL,2013-06,8.3
M,SA,TOTAL,PC_ACT,T,NL,2013-07,8.5
M,SA,TOTAL,PC_ACT,T,NL,2013-08,8.5
M,SA,TOTAL,PC_ACT,T,NL,2013-09,8.5
M,SA,TOTAL,PC_ACT,T,NL,2013-10,8.5
M,SA,TOTAL,PC_ACT,T,NL,2013-11,8.4
M,SA,TOTAL,PC_ACT,T,NL,2013-12,8.5
M,SA,TOTAL,PC_ACT,T,NL,2014-01,8.6
M,SA,TOTAL,PC_ACT,T,NL,2014-02,8.7
M,SA,TOTAL,PC_ACT,T,NL,2014-03,8.7
M,SA,TOTAL,PC_ACT,T,NL,2014-04,8.6
M,SA,TOTAL,PC_ACT,T,NL,2014-05,8.5
M,SA,TOTAL,PC_ACT,T,NL,2014-06,8.3
M,SA,TOTAL,PC_ACT,T,NL,2014-07,8.2
M,SA,TOTAL,PC_ACT,T,NL,2014-08,8.1
M,SA,TOTAL,PC_ACT,T,NL,2014-09,8.0
M,SA,TOTAL,PC_ACT,T,NL,2014-10,8.1
M,SA,TOTAL,PC_ACT,T,NL,2014-11,8.1
M,SA,TOTAL,PC_ACT,T,NL,2014-12,8.2
M,SA,TOTAL,PC_ACT,T,NL,2015-01,8.3
M,SA,TOTAL,PC_ACT,T,NL,2015-02,8.1
M,SA,TOTAL,PC_ACT,T,NL,2015-03,8.1
M,SA,TOTAL,PC_ACT,T,NL,2015-04,8.1
M,SA,TOTAL,PC_ACT,T,NL,2015-05,8.0
M,SA,TOTAL,PC_ACT,T,NL,2015-06,7.9
M,SA,TOTAL,PC_ACT,T,NL,2015-07,7.7
M,SA,TOTAL,PC_ACT,T,NL,2015-08,7.7
M,SA,TOTAL,PC_ACT,T,NL,2015-09,7.8
M,SA,TOTAL,PC_ACT,T,NL,2015-10,7.9
M,SA,TOTAL,PC_ACT,T,NL,2015-11,7.7
M,SA,TOTAL,PC_ACT,T,NL,2015-12,7.6
M,SA,TOTAL,PC_ACT,T,NL,2016-01,7.4
M,SA,TOTAL,PC_ACT,T,NL,2016-02,7.5
M,SA,TOTAL,PC_ACT,T,NL,2016-03,7.4
M,SA,TOTAL,PC_ACT,T,NL,2016-04,7.4
M,SA,TOTAL,PC_ACT,T,NL,2016-05,7.2
M,SA,TOTAL,PC_ACT,T,NL,2016-06,7.1
M,SA,TOTAL,PC_ACT,T,NL,2016-07,7.0
M,SA,TOTAL,PC_ACT,T,NL,2016-08,6.8
M,SA,TOTAL,PC_ACT,T,NL,2016-09,6.7
M,SA,TOTAL,PC_ACT,T,NL,2016-10,6.6
M,SA,TOTAL,PC_ACT,T,NL,2016-11,6.6
M,SA,TOTAL,PC_ACT,T,NL,2016-12,6.4
M,SA,TOTAL,PC_ACT,T,NL,2017-01,6.4
M,SA,TOTAL,PC_ACT,T,NL,2017-02,6.3
M,SA,TOTAL,PC_ACT,T,NL,2017-03,6.2
M,SA,TOTAL,PC_ACT,T,NL,2017-04,6.1
M,SA,TOTAL,PC_ACT,T,NL,2017-05,6.1
M,SA,TOTAL,PC_ACT,T,NL,2017-06,6.0
M,SA,TOTAL,PC_ACT,T,NL,2017-07,5.9
M,SA,TOTAL,PC_ACT,T,NL,2017-08,5.7
M,SA,TOTAL,PC_ACT,T,NL,2017-09,5.7
M,SA,TOTAL,PC_ACT,T,NL,2017-10,5.5
M,SA,TOTAL,PC_ACT,T,NL,2017-11,5.4
M,SA,TOTAL,PC_ACT,T,NL,2017-12,5.4
M,SA,TOTAL,PC_ACT,T,NL,2018-01,5.2
M,SA,TOTAL,PC_ACT,T,NL,2018-02,5.1
M,SA,TOTAL,PC_ACT,T,NL,2018-03,5.0
M,SA,TOTAL,PC_ACT,T,NL,2018-04,4.9
M,SA,TOTAL,PC_ACT,T,NL,2018-05,4.9
M,SA,TOTAL,PC_ACT,T,NL,2018-06,4.9
M,SA,TOTAL,PC_ACT,T,NL,2018-07,4.9
M,SA,TOTAL,PC_ACT,T,NL,2018-08,4.9
M,SA,TOTAL,PC_ACT,T,NL,2018-09,4.8
M,SA,TOTAL,PC_ACT,T,NL,2018-10,4.7
M,SA,TOTAL,PC_ACT,T,NL,2018-11,4.6
M,SA,TOTAL,PC_ACT,T,NL,2018-12,4.6
M,SA,TOTAL,PC_ACT,T,NL,2019-01,4.6
M,SA,TOTAL,PC_ACT,T,NL,2019-02,4.4
M,SA,TOTAL,PC_ACT,T,NL,2019-03,4.4
M,SA,TOTAL,PC_ACT,T,NL,2019-04,4.3
M,SA,TOTAL,PC_ACT,T,NL,2019-05,4.3
M,SA,TOTAL,PC_ACT,T,NL,2019-06,4.4
M,SA,TOTAL,PC_ACT,T,NL,2019-07,4.4
M,SA,TOTAL,PC_ACT,T,NL,2019-08,4.5
M,SA,TOTAL,PC_ACT,T,NL,2019-09,4.5
M,SA,TOTAL,PC_ACT,T,NL,2019-10,4.5
M,SA,TOTAL,PC_ACT,T,NL,2019-11,4.5
M,SA,TOTAL,PC_ACT,T,NL,2019-12,4.3
M,SA,TOTAL,PC_ACT,T,NL,2020-01,4.1
M,SA,TOTAL,PC_ACT,T,NL,2020-02,4.0
M,SA,TOTAL,PC_ACT,T,NL,2020-03,4.1
M,SA,TOTAL,PC_ACT,T,NL,2020-04,4.5
M,SA,TOTAL,PC_ACT,T,NL,2020-05,4.6
M,SA,TOTAL,PC_ACT,T,NL,2020-06,5.4
M,SA,TOTAL,PC_ACT,T,NL,2020-07,5.5
M,SA,TOTAL,PC_ACT,T,NL,2020-08,5.5
M,SA,TOTAL,PC_ACT,T,NL,2020-09,5.4
M,SA,TOTAL,PC_ACT,T,NL,2020-10,5.3
M,SA,TOTAL,PC_ACT,T,NL,2020-11,5.0
M,SA,TOTAL,PC_ACT,T,NL,2020-12,4.9
M,SA,TOTAL,PC_ACT,T,NL,2021-01,4.7
M,SA,TOTAL,PC_ACT,T,NL,2021-02,4.7
M,SA,TOTAL,PC_ACT,T,NL,2021-03,4.6
M,SA,TOTAL,PC_ACT,T,NL,2021-04,4.5
M,SA,TOTAL,PC_ACT,T,NL,2021-05,4.4
M,SA,TOTAL,PC_ACT,T,NL,2021-06,4.2
M,SA,TOTAL,PC_ACT,T,NL,2021-07,4.1
M,SA,TOTAL,PC_ACT,T,NL,2021-08,4.2
M,SA,TOTAL,PC_ACT,T,NL,2021-09,4.1
M,SA,TOTAL,PC_ACT,T,NL,2021-10,3.9
M,SA,TOTAL,PC_ACT,T,NL,2021-11,3.7
M,SA,TOTAL,PC_ACT,T,NL,2021-12,3.8
M,SA,TOTAL,PC_ACT,T,NL,2022-01,3.6
M,SA,TOTAL,PC_ACT,T,NL,2022-02,3.4
M,SA,TOTAL,PC_ACT,T,NL,2022-03,3.3
M,SA,TOTAL,PC_ACT,T,NL,2022-04,3.2
M,SA,TOTAL,PC_ACT,T,NL,2022-05,3.3
M,SA,TOTAL,PC_ACT,T,NL,2022-06,3.4
M,SA,TOTAL,PC_ACT,T,NL,2022-07,3.6
M,SA,TOTAL,PC_ACT,T,NL,2022-08,3.8
M,SA,TOTAL,PC_ACT,T,NL,2022-09,3.8
M,SA,TOTAL,PC_ACT,T,NL,2022-10,3.7
M,SA,TOTAL,PC_ACT,T,NL,2022-11,3.6
M,SA,TOTAL,PC_ACT,T,NL,2022-12,3.5
M,SA,TOTAL,PC_ACT,T,NL,2023-01,3.6
M,SA,TOTAL,PC_ACT,T,NL,2023-02,3.5
M,SA,TOTAL,PC_ACT,T,NL,2023-03,3.5
M,SA,TOTAL,PC_ACT,T,NL,2023-04,3.4
M,SA,TOTAL,PC_ACT,T,NL,2023-05,3.5
M,SA,TOTAL,PC_ACT,T,NL,2023-06,3.5
M,SA,TOTAL,PC_ACT,T,NL,2023-07,3.6
M,SA,TOTAL,PC_ACT,T,NL,2023-08,3.6
M,SA,TOTAL,PC_ACT,T,NL,2023-09,3.7
M,SA,TOTAL,PC_ACT,T,NL,2023-10,3.6
M,SA,TOTAL,PC_ACT,T,NL,2023-11,3.5
M,SA,TOTAL,PC_ACT,T,NL,2023-12,3.6
M,SA,TOTAL,PC_ACT,T,NL,2024-01,3.6
M,SA,TOTAL,PC_ACT,T,NL,2024-02,3.7
M,SA,TOTAL,PC_ACT,T,NL,2024-03,3.6
M,SA,TOTAL,PC_ACT,T,NL,2024-04,3.7
M,SA,TOTAL,PC_ACT,T,NL,2024-05,3.6
M,SA,TOTAL,PC_ACT,T,NL,2024-06,3.6
M,SA,TOTAL,PC_ACT,T,NL,2024-07,3.6
M,SA,TOTAL,PC_ACT,T,NL,2024-08,3.7
M,SA,TOTAL,PC_ACT,T,NL,2024-09,3.7
M,SA,TOTAL,PC_ACT,T,NL,2024-10,3.7
M,SA,TOTAL,PC_ACT,T,NL,2024-11,3.7
M,SA,TOTAL,PC_ACT,T,NL,2024-12,3.7
M,SA,TOTAL,PC_ACT,T,NL,2025-01,3.8
M,SA,TOTAL,PC_ACT,T,NL,2025-02,3.8
M,SA,TOTAL,PC_ACT,T,NL,2025-03,3.9
M,SA,TOTAL,PC_ACT,T,NL,2025-04,3.8
M,SA,TOTAL,PC_ACT,T,NL,2025-05,3.8
M,SA,TOTAL,PC_ACT,T,NL,2025-06,3.8
M,SA,TOTAL,PC_ACT,T,NL,2025-07,3.8
M,SA,TOTAL,PC_ACT,T,NL,2025-08,3.9
M,SA,TOTAL,PC_ACT,T,NL,2025-09,4.0
M,SA,TOTAL,PC_ACT,T,NL,2025-10,4.0
M,SA,TOTAL,PC_ACT,T,NL,2025-11,4.0
M,SA,TOTAL,PC_ACT,T,NL,2025-12,4.0
M,SA,TOTAL,PC_ACT,T,NL,2026-01,4.0
M,SA,TOTAL,PC_ACT,T,NL,2026-02,4.1
M,SA,TOTAL,PC_ACT,T,NL,2026-03,4.0
M,SA,TOTAL,PC_ACT,T,NL,2026-04,3.9
M,SA,TOTAL,PC_ACT,T,NL,2026-05,3.9
M,SA,TOTAL,PC_ACT,T,NL,2026-06,3.8
M,SA,TOTAL,PC_ACT,T,NL,2026-07,4.0
M,SA,TOTAL,PC_ACT,T,PL,1995-01,
M,SA,TOTAL,PC_ACT,T,PL,1995-02,
M,SA,TOTAL,PC_ACT,T,PL,1995-03,
M,SA,TOTAL,PC_ACT,T,PL,1995-04,
M,SA,TOTAL,PC_ACT,T,PL,1995-05,
M,SA,TOTAL,PC_ACT,T,PL,1995-06,
M,SA,TOTAL,PC_ACT,T,PL,1995-07,
M,SA,TOTAL,PC_ACT,T,PL,1995-08,
M,SA,TOTAL,PC_ACT,T,PL,1995-09,
M,SA,TOTAL,PC_ACT,T,PL,1995-10,
M,SA,TOTAL,PC_ACT,T,PL,1995-11,
M,SA,TOTAL,PC_ACT,T,PL,1995-12,
M,SA,TOTAL,PC_ACT,T,PL,1996-01,
M,SA,TOTAL,PC_ACT,T,PL,1996-02,
M,SA,TOTAL,PC_ACT,T,PL,1996-03,
M,SA,TOTAL,PC_ACT,T,PL,1996-04,
M,SA,TOTAL,PC_ACT,T,PL,1996-05,
M,SA,TOTAL,PC_ACT,T,PL,1996-06,
M,SA,TOTAL,PC_ACT,T,PL,1996-07,
M,SA,TOTAL,PC_ACT,T,PL,1996-08,
M,SA,TOTAL,PC_ACT,T,PL,1996-09,
M,SA,TOTAL,PC_ACT,T,PL,1996-10,
M,SA,TOTAL,PC_ACT,T,PL,1996-11,
M,SA,TOTAL,PC_ACT,T,PL,1996-12,
M,SA,TOTAL,PC_ACT,T,PL,1997-01,11.8
M,SA,TOTAL,PC_ACT,T,PL,1997-02,11.5
M,SA,TOTAL,PC_ACT,T,PL,1997-03,11.3
M,SA,TOTAL,PC_ACT,T,PL,1997-04,11.1
M,SA,TOTAL,PC_ACT,T,PL,1997-05,10.9
M,SA,TOTAL,PC_ACT,T,PL,1997-06,10.9
M,SA,TOTAL,PC_ACT,T,PL,1997-07,10.8
M,SA,TOTAL,PC_ACT,T,PL,1997-08,10.7
M,SA,TOTAL,PC_ACT,T,PL,1997-09,10.5
M,SA,TOTAL,PC_ACT,T,PL,1997-10,10.4
M,SA,TOTAL,PC_ACT,T,PL,1997-11,10.2
M,SA,TOTAL,PC_ACT,T,PL,1997-12,10.1
M,SA,TOTAL,PC_ACT,T,PL,1998-01,10.0
M,SA,TOTAL,PC_ACT,T,PL,1998-02,9.9
M,SA,TOTAL,PC_ACT,T,PL,1998-03,9.8
M,SA,TOTAL,PC_ACT,T,PL,1998-04,9.8
M,SA,TOTAL,PC_ACT,T,PL,1998-05,9.9
M,SA,TOTAL,PC_ACT,T,PL,1998-06,10.0
M,SA,TOTAL,PC_ACT,T,PL,1998-07,10.1
M,SA,TOTAL,PC_ACT,T,PL,1998-08,10.2
M,SA,TOTAL,PC_ACT,T,PL,1998-09,10.4
M,SA,TOTAL,PC_ACT,T,PL,1998-10,10.6
M,SA,TOTAL,PC_ACT,T,PL,1998-11,10.8
M,SA,TOTAL,PC_ACT,T,PL,1998-12,11.0
M,SA,TOTAL,PC_ACT,T,PL,1999-01,11.5
M,SA,TOTAL,PC_ACT,T,PL,1999-02,12.0
M,SA,TOTAL,PC_ACT,T,PL,1999-03,12.3
M,SA,TOTAL,PC_ACT,T,PL,1999-04,12.7
M,SA,TOTAL,PC_ACT,T,PL,1999-05,12.9
M,SA,TOTAL,PC_ACT,T,PL,1999-06,13.2
M,SA,TOTAL,PC_ACT,T,PL,1999-07,13.5
M,SA,TOTAL,PC_ACT,T,PL,1999-08,13.8
M,SA,TOTAL,PC_ACT,T,PL,1999-09,14.2
M,SA,TOTAL,PC_ACT,T,PL,1999-10,14.5
M,SA,TOTAL,PC_ACT,T,PL,1999-11,14.8
M,SA,TOTAL,PC_ACT,T,PL,1999-12,15.1
M,SA,TOTAL,PC_ACT,T,PL,2000-01,15.5
M,SA,TOTAL,PC_ACT,T,PL,2000-02,15.8
M,SA,TOTAL,PC_ACT,T,PL,2000-03,16.1
M,SA,TOTAL,PC_ACT,T,PL,2000-04,16.2
M,SA,TOTAL,PC_ACT,T,PL,2000-05,16.3
M,SA,TOTAL,PC_ACT,T,PL,2000-06,16.1
M,SA,TOTAL,PC_ACT,T,PL,2000-07,16.0
M,SA,TOTAL,PC_ACT,T,PL,2000-08,15.9
M,SA,TOTAL,PC_ACT,T,PL,2000-09,16.0
M,SA,TOTAL,PC_ACT,T,PL,2000-10,16.2
M,SA,TOTAL,PC_ACT,T,PL,2000-11,16.5
M,SA,TOTAL,PC_ACT,T,PL,2000-12,16.8
M,SA,TOTAL,PC_ACT,T,PL,2001-01,17.1
M,SA,TOTAL,PC_ACT,T,PL,2001-02,17.4
M,SA,TOTAL,PC_ACT,T,PL,2001-03,17.7
M,SA,TOTAL,PC_ACT,T,PL,2001-04,18.1
M,SA,TOTAL,PC_ACT,T,PL,2001-05,18.4
M,SA,TOTAL,PC_ACT,T,PL,2001-06,18.5
M,SA,TOTAL,PC_ACT,T,PL,2001-07,18.4
M,SA,TOTAL,PC_ACT,T,PL,2001-08,18.4
M,SA,TOTAL,PC_ACT,T,PL,2001-09,18.6
M,SA,TOTAL,PC_ACT,T,PL,2001-10,18.8
M,SA,TOTAL,PC_ACT,T,PL,2001-11,19.1
M,SA,TOTAL,PC_ACT,T,PL,2001-12,19.2
M,SA,TOTAL,PC_ACT,T,PL,2002-01,19.4
M,SA,TOTAL,PC_ACT,T,PL,2002-02,19.4
M,SA,TOTAL,PC_ACT,T,PL,2002-03,19.6
M,SA,TOTAL,PC_ACT,T,PL,2002-04,19.9
M,SA,TOTAL,PC_ACT,T,PL,2002-05,19.8
M,SA,TOTAL,PC_ACT,T,PL,2002-06,20.2
M,SA,TOTAL,PC_ACT,T,PL,2002-07,20.4
M,SA,TOTAL,PC_ACT,T,PL,2002-08,20.5
M,SA,TOTAL,PC_ACT,T,PL,2002-09,20.5
M,SA,TOTAL,PC_ACT,T,PL,2002-10,20.4
M,SA,TOTAL,PC_ACT,T,PL,2002-11,20.3
M,SA,TOTAL,PC_ACT,T,PL,2002-12,20.1
M,SA,TOTAL,PC_ACT,T,PL,2003-01,19.9
M,SA,TOTAL,PC_ACT,T,PL,2003-02,19.8
M,SA,TOTAL,PC_ACT,T,PL,2003-03,19.6
M,SA,TOTAL,PC_ACT,T,PL,2003-04,19.5
M,SA,TOTAL,PC_ACT,T,PL,2003-05,19.5
M,SA,TOTAL,PC_ACT,T,PL,2003-06,19.7
M,SA,TOTAL,PC_ACT,T,PL,2003-07,19.9
M,SA,TOTAL,PC_ACT,T,PL,2003-08,20.0
M,SA,TOTAL,PC_ACT,T,PL,2003-09,19.9
M,SA,TOTAL,PC_ACT,T,PL,2003-10,19.8
M,SA,TOTAL,PC_ACT,T,PL,2003-11,19.7
M,SA,TOTAL,PC_ACT,T,PL,2003-12,19.8
M,SA,TOTAL,PC_ACT,T,PL,2004-01,20.0
M,SA,TOTAL,PC_ACT,T,PL,2004-02,19.9
M,SA,TOTAL,PC_ACT,T,PL,2004-03,19.8
M,SA,TOTAL,PC_ACT,T,PL,2004-04,19.5
M,SA,TOTAL,PC_ACT,T,PL,2004-05,19.3
M,SA,TOTAL,PC_ACT,T,PL,2004-06,19.2
M,SA,TOTAL,PC_ACT,T,PL,2004-07,19.0
M,SA,TOTAL,PC_ACT,T,PL,2004-08,18.9
M,SA,TOTAL,PC_ACT,T,PL,2004-09,18.7
M,SA,TOTAL,PC_ACT,T,PL,2004-10,18.6
M,SA,TOTAL,PC_ACT,T,PL,2004-11,18.4
M,SA,TOTAL,PC_ACT,T,PL,2004-12,18.3
M,SA,TOTAL,PC_ACT,T,PL,2005-01,18.1
M,SA,TOTAL,PC_ACT,T,PL,2005-02,18.2
M,SA,TOTAL,PC_ACT,T,PL,2005-03,18.3
M,SA,TOTAL,PC_ACT,T,PL,2005-04,18.4
M,SA,TOTAL,PC_ACT,T,PL,2005-05,18.4
M,SA,TOTAL,PC_ACT,T,PL,2005-06,18.4
M,SA,TOTAL,PC_ACT,T,PL,2005-07,18.2
M,SA,TOTAL,PC_ACT,T,PL,2005-08,18.0
M,SA,TOTAL,PC_ACT,T,PL,2005-09,17.8
M,SA,TOTAL,PC_ACT,T,PL,2005-10,17.5
M,SA,TOTAL,PC_ACT,T,PL,2005-11,17.1
M,SA,TOTAL,PC_ACT,T,PL,2005-12,16.6
M,SA,TOTAL,PC_ACT,T,PL,2006-01,16.0
M,SA,TOTAL,PC_ACT,T,PL,2006-02,15.4
M,SA,TOTAL,PC_ACT,T,PL,2006-03,15.1
M,SA,TOTAL,PC_ACT,T,PL,2006-04,14.7
M,SA,TOTAL,PC_ACT,T,PL,2006-05,14.4
M,SA,TOTAL,PC_ACT,T,PL,2006-06,14.0
M,SA,TOTAL,PC_ACT,T,PL,2006-07,13.8
M,SA,TOTAL,PC_ACT,T,PL,2006-08,13.5
M,SA,TOTAL,PC_ACT,T,PL,2006-09,13.2
M,SA,TOTAL,PC_ACT,T,PL,2006-10,12.9
M,SA,TOTAL,PC_ACT,T,PL,2006-11,12.4
M,SA,TOTAL,PC_ACT,T,PL,2006-12,11.9
M,SA,TOTAL,PC_ACT,T,PL,2007-01,11.3
M,SA,TOTAL,PC_ACT,T,PL,2007-02,10.7
M,SA,TOTAL,PC_ACT,T,PL,2007-03,10.3
M,SA,TOTAL,PC_ACT,T,PL,2007-04,10.0
M,SA,TOTAL,PC_ACT,T,PL,2007-05,9.7
M,SA,TOTAL,PC_ACT,T,PL,2007-06,9.5
M,SA,TOTAL,PC_ACT,T,PL,2007-07,9.4
M,SA,TOTAL,PC_ACT,T,PL,2007-08,9.3
M,SA,TOTAL,PC_ACT,T,PL,2007-09,9.2
M,SA,TOTAL,PC_ACT,T,PL,2007-10,8.9
M,SA,TOTAL,PC_ACT,T,PL,2007-11,8.7
M,SA,TOTAL,PC_ACT,T,PL,2007-12,8.3
M,SA,TOTAL,PC_ACT,T,PL,2008-01,7.8
M,SA,TOTAL,PC_ACT,T,PL,2008-02,7.5
M,SA,TOTAL,PC_ACT,T,PL,2008-03,7.3
M,SA,TOTAL,PC_ACT,T,PL,2008-04,7.2
M,SA,TOTAL,PC_ACT,T,PL,2008-05,7.2
M,SA,TOTAL,PC_ACT,T,PL,2008-06,7.0
M,SA,TOTAL,PC_ACT,T,PL,2008-07,6.9
M,SA,TOTAL,PC_ACT,T,PL,2008-08,6.8
M,SA,TOTAL,PC_ACT,T,PL,2008-09,6.7
M,SA,TOTAL,PC_ACT,T,PL,2008-10,6.6
M,SA,TOTAL,PC_ACT,T,PL,2008-11,6.8
M,SA,TOTAL,PC_ACT,T,PL,2008-12,7.0
M,SA,TOTAL,PC_ACT,T,PL,2009-01,7.4
M,SA,TOTAL,PC_ACT,T,PL,2009-02,7.5
M,SA,TOTAL,PC_ACT,T,PL,2009-03,7.7
M,SA,TOTAL,PC_ACT,T,PL,2009-04,7.8
M,SA,TOTAL,PC_ACT,T,PL,2009-05,7.9
M,SA,TOTAL,PC_ACT,T,PL,2009-06,8.1
M,SA,TOTAL,PC_ACT,T,PL,2009-07,8.3
M,SA,TOTAL,PC_ACT,T,PL,2009-08,8.4
M,SA,TOTAL,PC_ACT,T,PL,2009-09,8.4
M,SA,TOTAL,PC_ACT,T,PL,2009-10,8.4
M,SA,TOTAL,PC_ACT,T,PL,2009-11,8.7
M,SA,TOTAL,PC_ACT,T,PL,2009-12,9.1
M,SA,TOTAL,PC_ACT,T,PL,2010-01,10.3
M,SA,TOTAL,PC_ACT,T,PL,2010-02,10.3
M,SA,TOTAL,PC_ACT,T,PL,2010-03,10.3
M,SA,TOTAL,PC_ACT,T,PL,2010-04,10.1
M,SA,TOTAL,PC_ACT,T,PL,2010-05,10.0
M,SA,TOTAL,PC_ACT,T,PL,2010-06,9.9
M,SA,TOTAL,PC_ACT,T,PL,2010-07,9.8
M,SA,TOTAL,PC_ACT,T,PL,2010-08,9.8
M,SA,TOTAL,PC_ACT,T,PL,2010-09,9.8
M,SA,TOTAL,PC_ACT,T,PL,2010-10,9.8
M,SA,TOTAL,PC_ACT,T,PL,2010-11,9.8
M,SA,TOTAL,PC_ACT,T,PL,2010-12,9.8
M,SA,TOTAL,PC_ACT,T,PL,2011-01,9.7
M,SA,TOTAL,PC_ACT,T,PL,2011-02,9.7
M,SA,TOTAL,PC_ACT,T,PL,2011-03,9.8
M,SA,TOTAL,PC_ACT,T,PL,2011-04,9.9
M,SA,TOTAL,PC_ACT,T,PL,2011-05,9.9
M,SA,TOTAL,PC_ACT,T,PL,2011-06,9.9
M,SA,TOTAL,PC_ACT,T,PL,2011-07,9.9
M,SA,TOTAL,PC_ACT,T,PL,2011-08,10.0
M,SA,TOTAL,PC_ACT,T,PL,2011-09,10.1
M,SA,TOTAL,PC_ACT,T,PL,2011-10,10.2
M,SA,TOTAL,PC_ACT,T,PL,2011-11,10.2
M,SA,TOTAL,PC_ACT,T,PL,2011-12,10.2
M,SA,TOTAL,PC_ACT,T,PL,2012-01,10.2
M,SA,TOTAL,PC_ACT,T,PL,2012-02,10.2
M,SA,TOTAL,PC_ACT,T,PL,2012-03,10.2
M,SA,TOTAL,PC_ACT,T,PL,2012-04,10.2
M,SA,TOTAL,PC_ACT,T,PL,2012-05,10.3
M,SA,TOTAL,PC_ACT,T,PL,2012-06,10.4
M,SA,TOTAL,PC_ACT,T,PL,2012-07,10.5
M,SA,TOTAL,PC_ACT,T,PL,2012-08,10.5
M,SA,TOTAL,PC_ACT,T,PL,2012-09,10.5
M,SA,TOTAL,PC_ACT,T,PL,2012-10,10.5
M,SA,TOTAL,PC_ACT,T,PL,2012-11,10.5
M,SA,TOTAL,PC_ACT,T,PL,2012-12,10.6
M,SA,TOTAL,PC_ACT,T,PL,2013-01,10.9
M,SA,TOTAL,PC_ACT,T,PL,2013-02,11.0
M,SA,TOTAL,PC_ACT,T,PL,2013-03,11.0
M,SA,TOTAL,PC_ACT,T,PL,2013-04,11.0
M,SA,TOTAL,PC_ACT,T,PL,2013-05,10.9
M,SA,TOTAL,PC_ACT,T,PL,2013-06,10.7
M,SA,TOTAL,PC_ACT,T,PL,2013-07,10.6
M,SA,TOTAL,PC_ACT,T,PL,2013-08,10.4
M,SA,TOTAL,PC_ACT,T,PL,2013-09,10.3
M,SA,TOTAL,PC_ACT,T,PL,2013-10,10.2
M,SA,TOTAL,PC_ACT,T,PL,2013-11,10.2
M,SA,TOTAL,PC_ACT,T,PL,2013-12,10.2
M,SA,TOTAL,PC_ACT,T,PL,2014-01,10.4
M,SA,TOTAL,PC_ACT,T,PL,2014-02,10.3
M,SA,TOTAL,PC_ACT,T,PL,2014-03,10.1
M,SA,TOTAL,PC_ACT,T,PL,2014-04,9.8
M,SA,TOTAL,PC_ACT,T,PL,2014-05,9.5
M,SA,TOTAL,PC_ACT,T,PL,2014-06,9.2
M,SA,TOTAL,PC_ACT,T,PL,2014-07,8.9
M,SA,TOTAL,PC_ACT,T,PL,2014-08,8.6
M,SA,TOTAL,PC_ACT,T,PL,2014-09,8.5
M,SA,TOTAL,PC_ACT,T,PL,2014-10,8.4
M,SA,TOTAL,PC_ACT,T,PL,2014-11,8.4
M,SA,TOTAL,PC_ACT,T,PL,2014-12,8.4
M,SA,TOTAL,PC_ACT,T,PL,2015-01,8.4
M,SA,TOTAL,PC_ACT,T,PL,2015-02,8.3
M,SA,TOTAL,PC_ACT,T,PL,2015-03,8.1
M,SA,TOTAL,PC_ACT,T,PL,2015-04,7.9
M,SA,TOTAL,PC_ACT,T,PL,2015-05,7.7
M,SA,TOTAL,PC_ACT,T,PL,2015-06,7.6
M,SA,TOTAL,PC_ACT,T,PL,2015-07,7.5
M,SA,TOTAL,PC_ACT,T,PL,2015-08,7.5
M,SA,TOTAL,PC_ACT,T,PL,2015-09,7.4
M,SA,TOTAL,PC_ACT,T,PL,2015-10,7.3
M,SA,TOTAL,PC_ACT,T,PL,2015-11,7.2
M,SA,TOTAL,PC_ACT,T,PL,2015-12,7.0
M,SA,TOTAL,PC_ACT,T,PL,2016-01,6.8
M,SA,TOTAL,PC_ACT,T,PL,2016-02,6.7
M,SA,TOTAL,PC_ACT,T,PL,2016-03,6.6
M,SA,TOTAL,PC_ACT,T,PL,2016-04,6.5
M,SA,TOTAL,PC_ACT,T,PL,2016-05,6.4
M,SA,TOTAL,PC_ACT,T,PL,2016-06,6.4
M,SA,TOTAL,PC_ACT,T,PL,2016-07,6.3
M,SA,TOTAL,PC_ACT,T,PL,2016-08,6.2
M,SA,TOTAL,PC_ACT,T,PL,2016-09,6.1
M,SA,TOTAL,PC_ACT,T,PL,2016-10,5.9
M,SA,TOTAL,PC_ACT,T,PL,2016-11,5.7
M,SA,TOTAL,PC_ACT,T,PL,2016-12,5.5
M,SA,TOTAL,PC_ACT,T,PL,2017-01,5.3
M,SA,TOTAL,PC_ACT,T,PL,2017-02,5.1
M,SA,TOTAL,PC_ACT,T,PL,2017-03,5.1
M,SA,TOTAL,PC_ACT,T,PL,2017-04,5.2
M,SA,TOTAL,PC_ACT,T,PL,2017-05,5.2
M,SA,TOTAL,PC_ACT,T,PL,2017-06,5.1
M,SA,TOTAL,PC_ACT,T,PL,2017-07,4.9
M,SA,TOTAL,PC_ACT,T,PL,2017-08,4.9
M,SA,TOTAL,PC_ACT,T,PL,2017-09,4.8
M,SA,TOTAL,PC_ACT,T,PL,2017-10,4.7
M,SA,TOTAL,PC_ACT,T,PL,2017-11,4.6
M,SA,TOTAL,PC_ACT,T,PL,2017-12,4.4
M,SA,TOTAL,PC_ACT,T,PL,2018-01,4.1
M,SA,TOTAL,PC_ACT,T,PL,2018-02,3.9
M,SA,TOTAL,PC_ACT,T,PL,2018-03,3.8
M,SA,TOTAL,PC_ACT,T,PL,2018-04,3.8
M,SA,TOTAL,PC_ACT,T,PL,2018-05,3.7
M,SA,TOTAL,PC_ACT,T,PL,2018-06,3.8
M,SA,TOTAL,PC_ACT,T,PL,2018-07,3.9
M,SA,TOTAL,PC_ACT,T,PL,2018-08,3.9
M,SA,TOTAL,PC_ACT,T,PL,2018-09,4.0
M,SA,TOTAL,PC_ACT,T,PL,2018-10,4.0
M,SA,TOTAL,PC_ACT,T,PL,2018-11,3.9
M,SA,TOTAL,PC_ACT,T,PL,2018-12,3.9
M,SA,TOTAL,PC_ACT,T,PL,2019-01,3.7
M,SA,TOTAL,PC_ACT,T,PL,2019-02,3.6
M,SA,TOTAL,PC_ACT,T,PL,2019-03,3.5
M,SA,TOTAL,PC_ACT,T,PL,2019-04,3.4
M,SA,TOTAL,PC_ACT,T,PL,2019-05,3.3
M,SA,TOTAL,PC_ACT,T,PL,2019-06,3.2
M,SA,TOTAL,PC_ACT,T,PL,2019-07,3.2
M,SA,TOTAL,PC_ACT,T,PL,2019-08,3.1
M,SA,TOTAL,PC_ACT,T,PL,2019-09,3.1
M,SA,TOTAL,PC_ACT,T,PL,2019-10,3.0
M,SA,TOTAL,PC_ACT,T,PL,2019-11,3.0
M,SA,TOTAL,PC_ACT,T,PL,2019-12,2.9
M,SA,TOTAL,PC_ACT,T,PL,2020-01,2.9
M,SA,TOTAL,PC_ACT,T,PL,2020-02,2.8
M,SA,TOTAL,PC_ACT,T,PL,2020-03,2.9
M,SA,TOTAL,PC_ACT,T,PL,2020-04,3.1
M,SA,TOTAL,PC_ACT,T,PL,2020-05,3.3
M,SA,TOTAL,PC_ACT,T,PL,2020-06,3.4
M,SA,TOTAL,PC_ACT,T,PL,2020-07,3.4
M,SA,TOTAL,PC_ACT,T,PL,2020-08,3.4
M,SA,TOTAL,PC_ACT,T,PL,2020-09,3.3
M,SA,TOTAL,PC_ACT,T,PL,2020-10,3.2
M,SA,TOTAL,PC_ACT,T,PL,2020-11,3.2
M,SA,TOTAL,PC_ACT,T,PL,2020-12,3.3
M,SA,TOTAL,PC_ACT,T,PL,2021-01,3.6
M,SA,TOTAL,PC_ACT,T,PL,2021-02,3.8
M,SA,TOTAL,PC_ACT,T,PL,2021-03,3.9
M,SA,TOTAL,PC_ACT,T,PL,2021-04,3.8
M,SA,TOTAL,PC_ACT,T,PL,2021-05,3.7
M,SA,TOTAL,PC_ACT,T,PL,2021-06,3.5
M,SA,TOTAL,PC_ACT,T,PL,2021-07,3.3
M,SA,TOTAL,PC_ACT,T,PL,2021-08,3.1
M,SA,TOTAL,PC_ACT,T,PL,2021-09,3.0
M,SA,TOTAL,PC_ACT,T,PL,2021-10,3.0
M,SA,TOTAL,PC_ACT,T,PL,2021-11,3.0
M,SA,TOTAL,PC_ACT,T,PL,2021-12,2.9
M,SA,TOTAL,PC_ACT,T,PL,2022-01,2.9
M,SA,TOTAL,PC_ACT,T,PL,2022-02,2.8
M,SA,TOTAL,PC_ACT,T,PL,2022-03,2.8
M,SA,TOTAL,PC_ACT,T,PL,2022-04,2.8
M,SA,TOTAL,PC_ACT,T,PL,2022-05,2.8
M,SA,TOTAL,PC_ACT,T,PL,2022-06,2.8
M,SA,TOTAL,PC_ACT,T,PL,2022-07,2.9
M,SA,TOTAL,PC_ACT,T,PL,2022-08,3.0
M,SA,TOTAL,PC_ACT,T,PL,2022-09,3.0
M,SA,TOTAL,PC_ACT,T,PL,2022-10,3.0
M,SA,TOTAL,PC_ACT,T,PL,2022-11,2.9
M,SA,TOTAL,PC_ACT,T,PL,2022-12,2.8
M,SA,TOTAL,PC_ACT,T,PL,2023-01,2.7
M,SA,TOTAL,PC_ACT,T,PL,2023-02,2.6
M,SA,TOTAL,PC_ACT,T,PL,2023-03,2.7
M,SA,TOTAL,PC_ACT,T,PL,2023-04,2.7
M,SA,TOTAL,PC_ACT,T,PL,2023-05,2.8
M,SA,TOTAL,PC_ACT,T,PL,2023-06,2.8
M,SA,TOTAL,PC_ACT,T,PL,2023-07,2.8
M,SA,TOTAL,PC_ACT,T,PL,2023-08,2.8
M,SA,TOTAL,PC_ACT,T,PL,2023-09,2.9
M,SA,TOTAL,PC_ACT,T,PL,2023-10,3.0
M,SA,TOTAL,PC_ACT,T,PL,2023-11,3.1
M,SA,TOTAL,PC_ACT,T,PL,2023-12,3.1
M,SA,TOTAL,PC_ACT,T,PL,2024-01,3.0
M,SA,TOTAL,PC_ACT,T,PL,2024-02,2.9
M,SA,TOTAL,PC_ACT,T,PL,2024-03,2.8
M,SA,TOTAL,PC_ACT,T,PL,2024-04,2.8
M,SA,TOTAL,PC_ACT,T,PL,2024-05,2.9
M,SA,TOTAL,PC_ACT,T,PL,2024-06,2.9
M,SA,TOTAL,PC_ACT,T,PL,2024-07,3.0
M,SA,TOTAL,PC_ACT,T,PL,2024-08,3.0
M,SA,TOTAL,PC_ACT,T,PL,2024-09,2.9
M,SA,TOTAL,PC_ACT,T,PL,2024-10,2.8
M,SA,TOTAL,PC_ACT,T,PL,2024-11,2.8
M,SA,TOTAL,PC_ACT,T,PL,2024-12,2.9
M,SA,TOTAL,PC_ACT,T,PL,2025-01,3.1
M,SA,TOTAL,PC_ACT,T,PL,2025-02,3.2
M,SA,TOTAL,PC_ACT,T,PL,2025-03,3.2
M,SA,TOTAL,PC_ACT,T,PL,2025-04,3.1
M,SA,TOTAL,PC_ACT,T,PL,2025-05,3.0
M,SA,TOTAL,PC_ACT,T,PL,2025-06,3.1
M,SA,TOTAL,PC_ACT,T,PL,2025-07,3.1
M,SA,TOTAL,PC_ACT,T,PL,2025-08,3.2
M,SA,TOTAL,PC_ACT,T,PL,2025-09,3.2
M,SA,TOTAL,PC_ACT,T,PL,2025-10,3.2
M,SA,TOTAL,PC_ACT,T,PL,2025-11,3.2
M,SA,TOTAL,PC_ACT,T,PL,2025-12,3.1
M,SA,TOTAL,PC_ACT,T,PL,2026-01,3.0
M,SA,TOTAL,PC_ACT,T,PL,2026-02,3.0
M,SA,TOTAL,PC_ACT,T,PL,2026-03,3.0
M,SA,TOTAL,PC_ACT,T,PL,2026-04,3.1
M,SA,TOTAL,PC_ACT,T,PL,2026-05,3.1
M,SA,TOTAL,PC_ACT,T,PL,2026-06,3.1
M,SA,TOTAL,PC_ACT,T,PL,2026-07,
M,SA,TOTAL,PC_ACT,T,RO,1995-01,
M,SA,TOTAL,PC_ACT,T,RO,1995-02,
M,SA,TOTAL,PC_ACT,T,RO,1995-03,
M,SA,TOTAL,PC_ACT,T,RO,1995-04,
M,SA,TOTAL,PC_ACT,T,RO,1995-05,
M,SA,TOTAL,PC_ACT,T,RO,1995-06,
M,SA,TOTAL,PC_ACT,T,RO,1995-07,
M,SA,TOTAL,PC_ACT,T,RO,1995-08,
M,SA,TOTAL,PC_ACT,T,RO,1995-09,
M,SA,TOTAL,PC_ACT,T,RO,1995-10,
M,SA,TOTAL,PC_ACT,T,RO,1995-11,
M,SA,TOTAL,PC_ACT,T,RO,1995-12,
M,SA,TOTAL,PC_ACT,T,RO,1996-01,
M,SA,TOTAL,PC_ACT,T,RO,1996-02,
M,SA,TOTAL,PC_ACT,T,RO,1996-03,
M,SA,TOTAL,PC_ACT,T,RO,1996-04,
M,SA,TOTAL,PC_ACT,T,RO,1996-05,
M,SA,TOTAL,PC_ACT,T,RO,1996-06,
M,SA,TOTAL,PC_ACT,T,RO,1996-07,
M,SA,TOTAL,PC_ACT,T,RO,1996-08,
M,SA,TOTAL,PC_ACT,T,RO,1996-09,
M,SA,TOTAL,PC_ACT,T,RO,1996-10,
M,SA,TOTAL,PC_ACT,T,RO,1996-11,
M,SA,TOTAL,PC_ACT,T,RO,1996-12,
M,SA,TOTAL,PC_ACT,T,RO,1997-01,5.7
M,SA,TOTAL,PC_ACT,T,RO,1997-02,5.9
M,SA,TOTAL,PC_ACT,T,RO,1997-03,6.0
M,SA,TOTAL,PC_ACT,T,RO,1997-04,6.0
M,SA,TOTAL,PC_ACT,T,RO,1997-05,6.1
M,SA,TOTAL,PC_ACT,T,RO,1997-06,6.1
M,SA,TOTAL,PC_ACT,T,RO,1997-07,6.2
M,SA,TOTAL,PC_ACT,T,RO,1997-08,6.1
M,SA,TOTAL,PC_ACT,T,RO,1997-09,6.2
M,SA,TOTAL,PC_ACT,T,RO,1997-10,6.3
M,SA,TOTAL,PC_ACT,T,RO,1997-11,6.5
M,SA,TOTAL,PC_ACT,T,RO,1997-12,6.5
M,SA,TOTAL,PC_ACT,T,RO,1998-01,6.4
M,SA,TOTAL,PC_ACT,T,RO,1998-02,6.3
M,SA,TOTAL,PC_ACT,T,RO,1998-03,6.1
M,SA,TOTAL,PC_ACT,T,RO,1998-04,6.1
M,SA,TOTAL,PC_ACT,T,RO,1998-05,6.2
M,SA,TOTAL,PC_ACT,T,RO,1998-06,6.2
M,SA,TOTAL,PC_ACT,T,RO,1998-07,6.2
M,SA,TOTAL,PC_ACT,T,RO,1998-08,6.2
M,SA,TOTAL,PC_ACT,T,RO,1998-09,6.3
M,SA,TOTAL,PC_ACT,T,RO,1998-10,6.2
M,SA,TOTAL,PC_ACT,T,RO,1998-11,6.4
M,SA,TOTAL,PC_ACT,T,RO,1998-12,6.4
M,SA,TOTAL,PC_ACT,T,RO,1999-01,6.6
M,SA,TOTAL,PC_ACT,T,RO,1999-02,6.6
M,SA,TOTAL,PC_ACT,T,RO,1999-03,6.7
M,SA,TOTAL,PC_ACT,T,RO,1999-04,6.7
M,SA,TOTAL,PC_ACT,T,RO,1999-05,6.8
M,SA,TOTAL,PC_ACT,T,RO,1999-06,7.0
M,SA,TOTAL,PC_ACT,T,RO,1999-07,7.2
M,SA,TOTAL,PC_ACT,T,RO,1999-08,7.4
M,SA,TOTAL,PC_ACT,T,RO,1999-09,7.4
M,SA,TOTAL,PC_ACT,T,RO,1999-10,7.6
M,SA,TOTAL,PC_ACT,T,RO,1999-11,7.5
M,SA,TOTAL,PC_ACT,T,RO,1999-12,7.5
M,SA,TOTAL,PC_ACT,T,RO,2000-01,7.4
M,SA,TOTAL,PC_ACT,T,RO,2000-02,7.4
M,SA,TOTAL,PC_ACT,T,RO,2000-03,7.3
M,SA,TOTAL,PC_ACT,T,RO,2000-04,7.5
M,SA,TOTAL,PC_ACT,T,RO,2000-05,7.6
M,SA,TOTAL,PC_ACT,T,RO,2000-06,7.7
M,SA,TOTAL,PC_ACT,T,RO,2000-07,7.7
M,SA,TOTAL,PC_ACT,T,RO,2000-08,7.7
M,SA,TOTAL,PC_ACT,T,RO,2000-09,7.8
M,SA,TOTAL,PC_ACT,T,RO,2000-10,7.8
M,SA,TOTAL,PC_ACT,T,RO,2000-11,7.7
M,SA,TOTAL,PC_ACT,T,RO,2000-12,7.6
M,SA,TOTAL,PC_ACT,T,RO,2001-01,7.5
M,SA,TOTAL,PC_ACT,T,RO,2001-02,7.4
M,SA,TOTAL,PC_ACT,T,RO,2001-03,7.3
M,SA,TOTAL,PC_ACT,T,RO,2001-04,7.2
M,SA,TOTAL,PC_ACT,T,RO,2001-05,7.2
M,SA,TOTAL,PC_ACT,T,RO,2001-06,7.2
M,SA,TOTAL,PC_ACT,T,RO,2001-07,7.2
M,SA,TOTAL,PC_ACT,T,RO,2001-08,7.3
M,SA,TOTAL,PC_ACT,T,RO,2001-09,7.4
M,SA,TOTAL,PC_ACT,T,RO,2001-10,7.5
M,SA,TOTAL,PC_ACT,T,RO,2001-11,7.7
M,SA,TOTAL,PC_ACT,T,RO,2001-12,8.1
M,SA,TOTAL,PC_ACT,T,RO,2002-01,8.4
M,SA,TOTAL,PC_ACT,T,RO,2002-02,8.5
M,SA,TOTAL,PC_ACT,T,RO,2002-03,8.7
M,SA,TOTAL,PC_ACT,T,RO,2002-04,8.8
M,SA,TOTAL,PC_ACT,T,RO,2002-05,8.7
M,SA,TOTAL,PC_ACT,T,RO,2002-06,8.7
M,SA,TOTAL,PC_ACT,T,RO,2002-07,8.7
M,SA,TOTAL,PC_ACT,T,RO,2002-08,8.5
M,SA,TOTAL,PC_ACT,T,RO,2002-09,8.2
M,SA,TOTAL,PC_ACT,T,RO,2002-10,7.8
M,SA,TOTAL,PC_ACT,T,RO,2002-11,7.6
M,SA,TOTAL,PC_ACT,T,RO,2002-12,7.5
M,SA,TOTAL,PC_ACT,T,RO,2003-01,7.5
M,SA,TOTAL,PC_ACT,T,RO,2003-02,7.6
M,SA,TOTAL,PC_ACT,T,RO,2003-03,7.8
M,SA,TOTAL,PC_ACT,T,RO,2003-04,7.8
M,SA,TOTAL,PC_ACT,T,RO,2003-05,7.7
M,SA,TOTAL,PC_ACT,T,RO,2003-06,7.7
M,SA,TOTAL,PC_ACT,T,RO,2003-07,7.6
M,SA,TOTAL,PC_ACT,T,RO,2003-08,7.7
M,SA,TOTAL,PC_ACT,T,RO,2003-09,7.6
M,SA,TOTAL,PC_ACT,T,RO,2003-10,7.8
M,SA,TOTAL,PC_ACT,T,RO,2003-11,8.2
M,SA,TOTAL,PC_ACT,T,RO,2003-12,8.3
M,SA,TOTAL,PC_ACT,T,RO,2004-01,8.9
M,SA,TOTAL,PC_ACT,T,RO,2004-02,7.3
M,SA,TOTAL,PC_ACT,T,RO,2004-03,7.7
M,SA,TOTAL,PC_ACT,T,RO,2004-04,8.0
M,SA,TOTAL,PC_ACT,T,RO,2004-05,7.6
M,SA,TOTAL,PC_ACT,T,RO,2004-06,7.9
M,SA,TOTAL,PC_ACT,T,RO,2004-07,7.9
M,SA,TOTAL,PC_ACT,T,RO,2004-08,8.2
M,SA,TOTAL,PC_ACT,T,RO,2004-09,8.0
M,SA,TOTAL,PC_ACT,T,RO,2004-10,7.9
M,SA,TOTAL,PC_ACT,T,RO,2004-11,8.0
M,SA,TOTAL,PC_ACT,T,RO,2004-12,8.0
M,SA,TOTAL,PC_ACT,T,RO,2005-01,7.8
M,SA,TOTAL,PC_ACT,T,RO,2005-02,7.9
M,SA,TOTAL,PC_ACT,T,RO,2005-03,7.9
M,SA,TOTAL,PC_ACT,T,RO,2005-04,7.2
M,SA,TOTAL,PC_ACT,T,RO,2005-05,7.4
M,SA,TOTAL,PC_ACT,T,RO,2005-06,7.3
M,SA,TOTAL,PC_ACT,T,RO,2005-07,6.7
M,SA,TOTAL,PC_ACT,T,RO,2005-08,6.6
M,SA,TOTAL,PC_ACT,T,RO,2005-09,6.5
M,SA,TOTAL,PC_ACT,T,RO,2005-10,6.8
M,SA,TOTAL,PC_ACT,T,RO,2005-11,6.8
M,SA,TOTAL,PC_ACT,T,RO,2005-12,6.6
M,SA,TOTAL,PC_ACT,T,RO,2006-01,7.0
M,SA,TOTAL,PC_ACT,T,RO,2006-02,7.2
M,SA,TOTAL,PC_ACT,T,RO,2006-03,7.0
M,SA,TOTAL,PC_ACT,T,RO,2006-04,7.0
M,SA,TOTAL,PC_ACT,T,RO,2006-05,7.0
M,SA,TOTAL,PC_ACT,T,RO,2006-06,6.9
M,SA,TOTAL,PC_ACT,T,RO,2006-07,7.5
M,SA,TOTAL,PC_ACT,T,RO,2006-08,7.3
M,SA,TOTAL,PC_ACT,T,RO,2006-09,7.6
M,SA,TOTAL,PC_ACT,T,RO,2006-10,7.0
M,SA,TOTAL,PC_ACT,T,RO,2006-11,7.1
M,SA,TOTAL,PC_ACT,T,RO,2006-12,7.2
M,SA,TOTAL,PC_ACT,T,RO,2007-01,6.5
M,SA,TOTAL,PC_ACT,T,RO,2007-02,6.6
M,SA,TOTAL,PC_ACT,T,RO,2007-03,6.5
M,SA,TOTAL,PC_ACT,T,RO,2007-04,6.7
M,SA,TOTAL,PC_ACT,T,RO,2007-05,6.5
M,SA,TOTAL,PC_ACT,T,RO,2007-06,6.6
M,SA,TOTAL,PC_ACT,T,RO,2007-07,6.4
M,SA,TOTAL,PC_ACT,T,RO,2007-08,6.2
M,SA,TOTAL,PC_ACT,T,RO,2007-09,6.2
M,SA,TOTAL,PC_ACT,T,RO,2007-10,6.0
M,SA,TOTAL,PC_ACT,T,RO,2007-11,6.0
M,SA,TOTAL,PC_ACT,T,RO,2007-12,6.0
M,SA,TOTAL,PC_ACT,T,RO,2008-01,5.6
M,SA,TOTAL,PC_ACT,T,RO,2008-02,5.5
M,SA,TOTAL,PC_ACT,T,RO,2008-03,5.6
M,SA,TOTAL,PC_ACT,T,RO,2008-04,5.5
M,SA,TOTAL,PC_ACT,T,RO,2008-05,5.7
M,SA,TOTAL,PC_ACT,T,RO,2008-06,5.7
M,SA,TOTAL,PC_ACT,T,RO,2008-07,5.5
M,SA,TOTAL,PC_ACT,T,RO,2008-08,5.5
M,SA,TOTAL,PC_ACT,T,RO,2008-09,5.5
M,SA,TOTAL,PC_ACT,T,RO,2008-10,5.7
M,SA,TOTAL,PC_ACT,T,RO,2008-11,5.5
M,SA,TOTAL,PC_ACT,T,RO,2008-12,5.8
M,SA,TOTAL,PC_ACT,T,RO,2009-01,7.9
M,SA,TOTAL,PC_ACT,T,RO,2009-02,8.2
M,SA,TOTAL,PC_ACT,T,RO,2009-03,8.0
M,SA,TOTAL,PC_ACT,T,RO,2009-04,8.1
M,SA,TOTAL,PC_ACT,T,RO,2009-05,8.2
M,SA,TOTAL,PC_ACT,T,RO,2009-06,8.2
M,SA,TOTAL,PC_ACT,T,RO,2009-07,8.5
M,SA,TOTAL,PC_ACT,T,RO,2009-08,8.6
M,SA,TOTAL,PC_ACT,T,RO,2009-09,8.7
M,SA,TOTAL,PC_ACT,T,RO,2009-10,8.9
M,SA,TOTAL,PC_ACT,T,RO,2009-11,8.7
M,SA,TOTAL,PC_ACT,T,RO,2009-12,9.1
M,SA,TOTAL,PC_ACT,T,RO,2010-01,9.3
M,SA,TOTAL,PC_ACT,T,RO,2010-02,9.4
M,SA,TOTAL,PC_ACT,T,RO,2010-03,9.5
M,SA,TOTAL,PC_ACT,T,RO,2010-04,9.0
M,SA,TOTAL,PC_ACT,T,RO,2010-05,9.0
M,SA,TOTAL,PC_ACT,T,RO,2010-06,9.0
M,SA,TOTAL,PC_ACT,T,RO,2010-07,9.0
M,SA,TOTAL,PC_ACT,T,RO,2010-08,9.1
M,SA,TOTAL,PC_ACT,T,RO,2010-09,8.6
M,SA,TOTAL,PC_ACT,T,RO,2010-10,8.8
M,SA,TOTAL,PC_ACT,T,RO,2010-11,8.8
M,SA,TOTAL,PC_ACT,T,RO,2010-12,8.7
M,SA,TOTAL,PC_ACT,T,RO,2011-01,9.0
M,SA,TOTAL,PC_ACT,T,RO,2011-02,9.0
M,SA,TOTAL,PC_ACT,T,RO,2011-03,8.6
M,SA,TOTAL,PC_ACT,T,RO,2011-04,9.3
M,SA,TOTAL,PC_ACT,T,RO,2011-05,9.1
M,SA,TOTAL,PC_ACT,T,RO,2011-06,9.0
M,SA,TOTAL,PC_ACT,T,RO,2011-07,9.1
M,SA,TOTAL,PC_ACT,T,RO,2011-08,9.1
M,SA,TOTAL,PC_ACT,T,RO,2011-09,9.2
M,SA,TOTAL,PC_ACT,T,RO,2011-10,9.2
M,SA,TOTAL,PC_ACT,T,RO,2011-11,9.3
M,SA,TOTAL,PC_ACT,T,RO,2011-12,9.4
M,SA,TOTAL,PC_ACT,T,RO,2012-01,8.9
M,SA,TOTAL,PC_ACT,T,RO,2012-02,8.7
M,SA,TOTAL,PC_ACT,T,RO,2012-03,8.8
M,SA,TOTAL,PC_ACT,T,RO,2012-04,8.7
M,SA,TOTAL,PC_ACT,T,RO,2012-05,8.9
M,SA,TOTAL,PC_ACT,T,RO,2012-06,8.5
M,SA,TOTAL,PC_ACT,T,RO,2012-07,8.9
M,SA,TOTAL,PC_ACT,T,RO,2012-08,8.5
M,SA,TOTAL,PC_ACT,T,RO,2012-09,8.8
M,SA,TOTAL,PC_ACT,T,RO,2012-10,8.6
M,SA,TOTAL,PC_ACT,T,RO,2012-11,8.5
M,SA,TOTAL,PC_ACT,T,RO,2012-12,8.8
M,SA,TOTAL,PC_ACT,T,RO,2013-01,8.5
M,SA,TOTAL,PC_ACT,T,RO,2013-02,8.8
M,SA,TOTAL,PC_ACT,T,RO,2013-03,9.0
M,SA,TOTAL,PC_ACT,T,RO,2013-04,9.4
M,SA,TOTAL,PC_ACT,T,RO,2013-05,8.9
M,SA,TOTAL,PC_ACT,T,RO,2013-06,9.6
M,SA,TOTAL,PC_ACT,T,RO,2013-07,8.8
M,SA,TOTAL,PC_ACT,T,RO,2013-08,9.0
M,SA,TOTAL,PC_ACT,T,RO,2013-09,9.0
M,SA,TOTAL,PC_ACT,T,RO,2013-10,9.0
M,SA,TOTAL,PC_ACT,T,RO,2013-11,8.9
M,SA,TOTAL,PC_ACT,T,RO,2013-12,8.9
M,SA,TOTAL,PC_ACT,T,RO,2014-01,8.7
M,SA,TOTAL,PC_ACT,T,RO,2014-02,8.6
M,SA,TOTAL,PC_ACT,T,RO,2014-03,8.7
M,SA,TOTAL,PC_ACT,T,RO,2014-04,8.7
M,SA,TOTAL,PC_ACT,T,RO,2014-05,8.4
M,SA,TOTAL,PC_ACT,T,RO,2014-06,8.8
M,SA,TOTAL,PC_ACT,T,RO,2014-07,8.6
M,SA,TOTAL,PC_ACT,T,RO,2014-08,8.7
M,SA,TOTAL,PC_ACT,T,RO,2014-09,8.6
M,SA,TOTAL,PC_ACT,T,RO,2014-10,8.5
M,SA,TOTAL,PC_ACT,T,RO,2014-11,8.8
M,SA,TOTAL,PC_ACT,T,RO,2014-12,8.3
M,SA,TOTAL,PC_ACT,T,RO,2015-01,8.8
M,SA,TOTAL,PC_ACT,T,RO,2015-02,8.6
M,SA,TOTAL,PC_ACT,T,RO,2015-03,8.4
M,SA,TOTAL,PC_ACT,T,RO,2015-04,8.6
M,SA,TOTAL,PC_ACT,T,RO,2015-05,8.4
M,SA,TOTAL,PC_ACT,T,RO,2015-06,8.3
M,SA,TOTAL,PC_ACT,T,RO,2015-07,8.2
M,SA,TOTAL,PC_ACT,T,RO,2015-08,8.4
M,SA,TOTAL,PC_ACT,T,RO,2015-09,8.4
M,SA,TOTAL,PC_ACT,T,RO,2015-10,8.1
M,SA,TOTAL,PC_ACT,T,RO,2015-11,8.1
M,SA,TOTAL,PC_ACT,T,RO,2015-12,8.1
M,SA,TOTAL,PC_ACT,T,RO,2016-01,7.8
M,SA,TOTAL,PC_ACT,T,RO,2016-02,7.6
M,SA,TOTAL,PC_ACT,T,RO,2016-03,7.6
M,SA,TOTAL,PC_ACT,T,RO,2016-04,7.3
M,SA,TOTAL,PC_ACT,T,RO,2016-05,7.4
M,SA,TOTAL,PC_ACT,T,RO,2016-06,7.2
M,SA,TOTAL,PC_ACT,T,RO,2016-07,7.2
M,SA,TOTAL,PC_ACT,T,RO,2016-08,7.0
M,SA,TOTAL,PC_ACT,T,RO,2016-09,7.2
M,SA,TOTAL,PC_ACT,T,RO,2016-10,6.7
M,SA,TOTAL,PC_ACT,T,RO,2016-11,6.6
M,SA,TOTAL,PC_ACT,T,RO,2016-12,6.7
M,SA,TOTAL,PC_ACT,T,RO,2017-01,6.3
M,SA,TOTAL,PC_ACT,T,RO,2017-02,6.5
M,SA,TOTAL,PC_ACT,T,RO,2017-03,6.4
M,SA,TOTAL,PC_ACT,T,RO,2017-04,6.0
M,SA,TOTAL,PC_ACT,T,RO,2017-05,6.3
M,SA,TOTAL,PC_ACT,T,RO,2017-06,6.0
M,SA,TOTAL,PC_ACT,T,RO,2017-07,6.1
M,SA,TOTAL,PC_ACT,T,RO,2017-08,6.0
M,SA,TOTAL,PC_ACT,T,RO,2017-09,5.9
M,SA,TOTAL,PC_ACT,T,RO,2017-10,5.9
M,SA,TOTAL,PC_ACT,T,RO,2017-11,5.9
M,SA,TOTAL,PC_ACT,T,RO,2017-12,5.8
M,SA,TOTAL,PC_ACT,T,RO,2018-01,5.7
M,SA,TOTAL,PC_ACT,T,RO,2018-02,5.6
M,SA,TOTAL,PC_ACT,T,RO,2018-03,5.5
M,SA,TOTAL,PC_ACT,T,RO,2018-04,5.4
M,SA,TOTAL,PC_ACT,T,RO,2018-05,5.3
M,SA,TOTAL,PC_ACT,T,RO,2018-06,5.2
M,SA,TOTAL,PC_ACT,T,RO,2018-07,5.1
M,SA,TOTAL,PC_ACT,T,RO,2018-08,5.1
M,SA,TOTAL,PC_ACT,T,RO,2018-09,4.8
M,SA,TOTAL,PC_ACT,T,RO,2018-10,5.2
M,SA,TOTAL,PC_ACT,T,RO,2018-11,5.1
M,SA,TOTAL,PC_ACT,T,RO,2018-12,5.0
M,SA,TOTAL,PC_ACT,T,RO,2019-01,5.2
M,SA,TOTAL,PC_ACT,T,RO,2019-02,5.0
M,SA,TOTAL,PC_ACT,T,RO,2019-03,4.8
M,SA,TOTAL,PC_ACT,T,RO,2019-04,4.9
M,SA,TOTAL,PC_ACT,T,RO,2019-05,4.9
M,SA,TOTAL,PC_ACT,T,RO,2019-06,4.8
M,SA,TOTAL,PC_ACT,T,RO,2019-07,5.0
M,SA,TOTAL,PC_ACT,T,RO,2019-08,4.7
M,SA,TOTAL,PC_ACT,T,RO,2019-09,5.0
M,SA,TOTAL,PC_ACT,T,RO,2019-10,4.8
M,SA,TOTAL,PC_ACT,T,RO,2019-11,4.9
M,SA,TOTAL,PC_ACT,T,RO,2019-12,4.9
M,SA,TOTAL,PC_ACT,T,RO,2020-01,4.8
M,SA,TOTAL,PC_ACT,T,RO,2020-02,5.3
M,SA,TOTAL,PC_ACT,T,RO,2020-03,5.5
M,SA,TOTAL,PC_ACT,T,RO,2020-04,6.2
M,SA,TOTAL,PC_ACT,T,RO,2020-05,6.5
M,SA,TOTAL,PC_ACT,T,RO,2020-06,6.7
M,SA,TOTAL,PC_ACT,T,RO,2020-07,6.5
M,SA,TOTAL,PC_ACT,T,RO,2020-08,6.4
M,SA,TOTAL,PC_ACT,T,RO,2020-09,6.2
M,SA,TOTAL,PC_ACT,T,RO,2020-10,6.1
M,SA,TOTAL,PC_ACT,T,RO,2020-11,6.1
M,SA,TOTAL,PC_ACT,T,RO,2020-12,6.2
M,SA,TOTAL,PC_ACT,T,RO,2021-01,6.0
M,SA,TOTAL,PC_ACT,T,RO,2021-02,6.1
M,SA,TOTAL,PC_ACT,T,RO,2021-03,6.0
M,SA,TOTAL,PC_ACT,T,RO,2021-04,5.5
M,SA,TOTAL,PC_ACT,T,RO,2021-05,5.4
M,SA,TOTAL,PC_ACT,T,RO,2021-06,5.2
M,SA,TOTAL,PC_ACT,T,RO,2021-07,5.3
M,SA,TOTAL,PC_ACT,T,RO,2021-08,5.4
M,SA,TOTAL,PC_ACT,T,RO,2021-09,5.4
M,SA,TOTAL,PC_ACT,T,RO,2021-10,5.7
M,SA,TOTAL,PC_ACT,T,RO,2021-11,5.5
M,SA,TOTAL,PC_ACT,T,RO,2021-12,5.7
M,SA,TOTAL,PC_ACT,T,RO,2022-01,6.1
M,SA,TOTAL,PC_ACT,T,RO,2022-02,5.9
M,SA,TOTAL,PC_ACT,T,RO,2022-03,5.8
M,SA,TOTAL,PC_ACT,T,RO,2022-04,5.6
M,SA,TOTAL,PC_ACT,T,RO,2022-05,5.6
M,SA,TOTAL,PC_ACT,T,RO,2022-06,5.5
M,SA,TOTAL,PC_ACT,T,RO,2022-07,5.5
M,SA,TOTAL,PC_ACT,T,RO,2022-08,5.4
M,SA,TOTAL,PC_ACT,T,RO,2022-09,5.5
M,SA,TOTAL,PC_ACT,T,RO,2022-10,5.5
M,SA,TOTAL,PC_ACT,T,RO,2022-11,5.6
M,SA,TOTAL,PC_ACT,T,RO,2022-12,5.4
M,SA,TOTAL,PC_ACT,T,RO,2023-01,5.8
M,SA,TOTAL,PC_ACT,T,RO,2023-02,5.6
M,SA,TOTAL,PC_ACT,T,RO,2023-03,5.6
M,SA,TOTAL,PC_ACT,T,RO,2023-04,5.5
M,SA,TOTAL,PC_ACT,T,RO,2023-05,5.6
M,SA,TOTAL,PC_ACT,T,RO,2023-06,5.7
M,SA,TOTAL,PC_ACT,T,RO,2023-07,5.5
M,SA,TOTAL,PC_ACT,T,RO,2023-08,5.4
M,SA,TOTAL,PC_ACT,T,RO,2023-09,5.4
M,SA,TOTAL,PC_ACT,T,RO,2023-10,5.5
M,SA,TOTAL,PC_ACT,T,RO,2023-11,5.5
M,SA,TOTAL,PC_ACT,T,RO,2023-12,5.5
M,SA,TOTAL,PC_ACT,T,RO,2024-01,5.4
M,SA,TOTAL,PC_ACT,T,RO,2024-02,5.2
M,SA,TOTAL,PC_ACT,T,RO,2024-03,5.2
M,SA,TOTAL,PC_ACT,T,RO,2024-04,5.2
M,SA,TOTAL,PC_ACT,T,RO,2024-05,5.3
M,SA,TOTAL,PC_ACT,T,RO,2024-06,5.2
M,SA,TOTAL,PC_ACT,T,RO,2024-07,5.7
M,SA,TOTAL,PC_ACT,T,RO,2024-08,5.6
M,SA,TOTAL,PC_ACT,T,RO,2024-09,5.7
M,SA,TOTAL,PC_ACT,T,RO,2024-10,5.7
M,SA,TOTAL,PC_ACT,T,RO,2024-11,5.6
M,SA,TOTAL,PC_ACT,T,RO,2024-12,5.7
M,SA,TOTAL,PC_ACT,T,RO,2025-01,6.0
M,SA,TOTAL,PC_ACT,T,RO,2025-02,6.1
M,SA,TOTAL,PC_ACT,T,RO,2025-03,6.2
M,SA,TOTAL,PC_ACT,T,RO,2025-04,6.1
M,SA,TOTAL,PC_ACT,T,RO,2025-05,6.2
M,SA,TOTAL,PC_ACT,T,RO,2025-06,6.2
M,SA,TOTAL,PC_ACT,T,RO,2025-07,5.9
M,SA,TOTAL,PC_ACT,T,RO,2025-08,6.1
M,SA,TOTAL,PC_ACT,T,RO,2025-09,6.0
M,SA,TOTAL,PC_ACT,T,RO,2025-10,6.1
M,SA,TOTAL,PC_ACT,T,RO,2025-11,6.3
M,SA,TOTAL,PC_ACT,T,RO,2025-12,6.1
M,SA,TOTAL,PC_ACT,T,RO,2026-01,6.3
M,SA,TOTAL,PC_ACT,T,RO,2026-02,6.3
M,SA,TOTAL,PC_ACT,T,RO,2026-03,6.5
M,SA,TOTAL,PC_ACT,T,RO,2026-04,6.3
M,SA,TOTAL,PC_ACT,T,RO,2026-05,6.4
M,SA,TOTAL,PC_ACT,T,RO,2026-06,6.3
M,SA,TOTAL,PC_ACT,T,RO,2026-07,
